商品マスタ用テンプレート,,,,,,,,,,,,,,,,,,,,,
商品マスタID,Mycaアプリ上でのID,商品名,買取名,商品名カナ,カード番号,レアリティ,封入パック,キーワード,JANコード,表示順,ジャンル,カテゴリ,販売店舗価格,買取価格,買取専用,自動印刷,店舗タブレット表示,在庫数無限商品,端数処理を無効にする,商品一覧に表示しない,アップロードエラー
ハンドル名,（この部分は変更しないでください）,,,,,,,,,,,,,,,,,,,,
id,myca_item_id,display_name,buy_display_name,display_name_ruby,cardnumber,rarity,pack_name,keyword,readonly_product_code,order_number,genre_display_name,category_display_name,sell_price,buy_price,is_buy_only,allow_auto_print_label,tablet_allowed,infinite_stock,disallow_round,hidden,upload_error
この下の行からデータ開始,（この下からデータを記入してください）,,,,,,,,,,,,,,,,,,,,
1145665,600565960,【PSA10】カオス・ソルジャー －開闢の使者－,,【PSA10】,25DS-JP002,クォーターセンチュリーシークレット,デュエルセット カオス・ソルジャー－開闢の使者－,25DS-JP002カオスソルジャーカイビャクノシシャ かおすそるじゃーかいびゃくのししゃ カオスソルジャー開闢の使者 a72989439,,0,遊戯王,PSA,0,14000,,https://static.mycalinks.io/app/item/image/YUGI/card/other/25DS-JP002.jpg,,,,,
1145675,600565950,【PSA10】究極完全態・グレート・モス,,,EDC1-JP001,クォーターセンチュリーシークレット,遊戯王 アーリーデイズコレクション 特典,EDC1-JP001キュウキョクカンゼンタイグレートモス きゅうきょくかんぜんたいぐれーともす 究極完全態グレートモス -,,0,遊戯王,PSA,0,17000,,https://static.mycalinks.io/app/item/image/YUGI/card/other/EDC1-JP001.jpg,,,,,
1145796,600565705,【PSA10】超魔導竜騎士－ドラグーン・オブ・レッドアイズ,,,QCAC-JP084,クォーターセンチュリーシークレット,QUARTER CENTURY ART COLLECTION,QCAC-JP084ちょうまどうりゅうきしドラグーンオブレッドアイズ ちょうまどうりゅうきしどらぐーんおぶれっどあいず 超魔導竜騎士ドラグーンオブレッドアイズ a37818794,,0,遊戯王,PSA,0,8000,,https://static.mycalinks.io/app/item/image/YUGI/card/QCAC-JP/QCAC-JP084c.jpg,,,,,
1146274,600565435,【PSA10】IPマスカレーナ(25th/バイク),,,QCAC-JP069,クォーターセンチュリーシークレット,QUARTER CENTURY ART COLLECTION,QCAC-JP069アイピーマスカレーナ あいぴーますかれーな IPマスカレーナ a65741786,,0,遊戯王,PSA,0,17000,,https://static.mycalinks.io/app/item/image/YUGI/card/QCAC-JP/QCAC-JP069d.jpg,,,,,
1146383,600565245,【PSA10】閃刀起動－エンゲージ（イラスト違い）,,,QCAC-JP061,クォーターセンチュリーシークレット,QUARTER CENTURY ART COLLECTION,QCAC-JP061せんとうきどうエンゲージ せんとうきどうえんげーじ 閃刀起動エンゲージ a63166095,,0,遊戯王,PSA,0,8000,,https://static.mycalinks.io/app/item/image/YUGI/card/QCAC-JP/QCAC-JP061e.jpg,,,,,
1146399,600565220,【PSA10】閃刀姫－シズク（イラスト違い）,,,QCAC-JP060,クォーターセンチュリーシークレット,QUARTER CENTURY ART COLLECTION,QCAC-JP060せんとうきシズク せんとうきしずく 閃刀姫シズク a90673288,,0,遊戯王,PSA,0,9000,,https://static.mycalinks.io/app/item/image/YUGI/card/QCAC-JP/QCAC-JP060e.jpg,,,,,
1146950,600564975,【PSA10】灰流うらら(RC03絵柄),,,QCAC-JP050,クォーターセンチュリーシークレット,QUARTER CENTURY ART COLLECTION,QCAC-JP050ハルウララ はるうらら 灰流うらら a14558127,,0,遊戯王,PSA,0,24000,,https://static.mycalinks.io/app/item/image/YUGI/card/QCAC-JP/QCAC-JP050d.jpg,,,,,
1147540,600564295,【PSA10】真紅眼の黒竜(4左下向/オーラ)(25th),,,JP022,クォーターセンチュリーシークレット,QUARTER CENTURY ART COLLECTION,QCAC-JP022レッドアイズブラックドラゴン れっどあいずぶらっくどらごん 真紅眼の黒竜 a74677422,,0,遊戯王,PSA,0,26000,,https://static.mycalinks.io/app/item/image/YUGI/card/QCAC-JP/QCAC-JP022h.jpg,,,,,
1147544,600564290,【PSA10】真紅眼の黒竜(25th/赤背景),,,QCAC-JP022,クォーターセンチュリーシークレット,QUARTER CENTURY ART COLLECTION,QCAC-JP022レッドアイズブラックドラゴン れっどあいずぶらっくどらごん 真紅眼の黒竜 a74677422,,0,遊戯王,PSA,0,13000,,https://static.mycalinks.io/app/item/image/YUGI/card/QCAC-JP/QCAC-JP022g.jpg,,,,,
1147560,600564255,【PSA10】青眼の白龍(爆発背景),,,QCAC-JP021,クォーターセンチュリーシークレット,QUARTER CENTURY ART COLLECTION,QCAC-JP021ブルーアイズホワイトドラゴン ぶるーあいずほわいとどらごん 青眼の白龍 a89631139,,0,遊戯王,PSA,0,40000,,https://static.mycalinks.io/app/item/image/YUGI/card/QCAC-JP/QCAC-JP021j.jpg,,,,,
1147563,600564250,【PSA10】青眼の白龍(25th/原作初登場シーン),,,QCAC-JP021,クォーターセンチュリーシークレット,QUARTER CENTURY ART COLLECTION,QCAC-JP021ブルーアイズホワイトドラゴン ぶるーあいずほわいとどらごん 青眼の白龍 a89631139,,0,遊戯王,PSA,0,13000,,https://static.mycalinks.io/app/item/image/YUGI/card/QCAC-JP/QCAC-JP021i.jpg,,,,,
1147567,600564240,【PSA10】青眼の白龍(EX絵柄),,,QCAC-JP021,クォーターセンチュリーシークレット,QUARTER CENTURY ART COLLECTION,QCAC-JP021ブルーアイズホワイトドラゴン ぶるーあいずほわいとどらごん 青眼の白龍 a89631139,,0,遊戯王,PSA,0,22000,,https://static.mycalinks.io/app/item/image/YUGI/card/QCAC-JP/QCAC-JP021g.jpg,,,,,
1147584,600564205,【PSA10】竜騎士ブラック・マジシャン・ガール,,,QCAC-JP020,クォーターセンチュリーシークレット,QUARTER CENTURY ART COLLECTION,QCAC-JP020りゅうきしブラックマジシャンガール りゅうきしぶらっくまじしゃんがーる 竜騎士ブラックマジシャンガール a43892408,,0,遊戯王,PSA,0,15000,,https://static.mycalinks.io/app/item/image/YUGI/card/QCAC-JP/QCAC-JP020e.jpg,,,,,
1147586,600564200,【PSA10】竜騎士ブラック・マジシャン・ガール,,,QCAC-JP020,クォーターセンチュリーシークレット,QUARTER CENTURY ART COLLECTION,QCAC-JP020りゅうきしブラックマジシャンガール りゅうきしぶらっくまじしゃんがーる 竜騎士ブラックマジシャンガール a43892408,,0,遊戯王,PSA,0,15000,,https://static.mycalinks.io/app/item/image/YUGI/card/QCAC-JP/QCAC-JP020d.jpg,,,,,
1147591,600564175,【PSA10】ブラックマジシャンガール(2立ち/杖担ぎ)(25th),,,QCAC-JP019,クォーターセンチュリーシークレット,QUARTER CENTURY ART COLLECTION,QCAC-JP019ブラックマジシャンガール ぶらっくまじしゃんがーる ブラックマジシャンガール a38033121,,0,遊戯王,PSA,0,35000,,https://static.mycalinks.io/app/item/image/YUGI/card/QCAC-JP/QCAC-JP019d.jpg,,,,,
1147595,600564155,【PSA10】ブラックマジシャン(右向き/杖持ち),,,QCAC-JP018,クォーターセンチュリーシークレット,QUARTER CENTURY ART COLLECTION,QCAC-JP018ブラックマジシャン ぶらっくまじしゃん ブラックマジシャン a46986414,,0,遊戯王,PSA,0,22000,,https://static.mycalinks.io/app/item/image/YUGI/card/QCAC-JP/QCAC-JP018n.jpg,,,,,
1147596,600564150,【PSA10】ブラックマジシャン(25th/直立腕前),,,QCAC-JP018,クォーターセンチュリーシークレット,QUARTER CENTURY ART COLLECTION,QCAC-JP018ブラックマジシャン ぶらっくまじしゃん ブラックマジシャン a46986414,,0,遊戯王,PSA,0,13000,,https://static.mycalinks.io/app/item/image/YUGI/card/QCAC-JP/QCAC-JP018m.jpg,,,,,
1147603,600564130,【PSA10】ブラックマジシャン(EX絵柄),,,QCAC-JP018,クォーターセンチュリーシークレット,QUARTER CENTURY ART COLLECTION,QCAC-JP018ブラックマジシャン ぶらっくまじしゃん ブラックマジシャン a46986414,,0,遊戯王,PSA,0,10000,,https://static.mycalinks.io/app/item/image/YUGI/card/QCAC-JP/QCAC-JP018i.jpg,,,,,
1147632,600564085,【PSA10】ライトニング・ストーム,,,QCAC-JP017,クォーターセンチュリーシークレット,QUARTER CENTURY ART COLLECTION,QCAC-JP017ライトニングストーム らいとにんぐすとーむ ライトニングストーム a14532163,,0,遊戯王,PSA,0,7000,,https://static.mycalinks.io/app/item/image/YUGI/card/QCAC-JP/QCAC-JP017d.jpg,,,,,
1147807,600563980,【PSA10】黒魔女ディアベルスター,,,QCAC-JP012,クォーターセンチュリーシークレット,QUARTER CENTURY ART COLLECTION,QCAC-JP012クロマジョディアベルスター くろまじょでぃあべるすたー 黒魔女ディアベルスター a72270339,,0,遊戯王,PSA,0,14000,,https://static.mycalinks.io/app/item/image/YUGI/card/QCAC-JP/QCAC-JP012d.jpg,,,,,
1147823,600563960,【PSA10】迷宮城の白銀姫（イラスト違い）,,,QCAC-JP011,クォーターセンチュリーシークレット,QUARTER CENTURY ART COLLECTION,QCAC-JP011レディオブザラビュリンス れでぃおぶざらびゅりんす 迷宮城の白銀姫 a81497285,,0,遊戯王,PSA,0,32000,,https://static.mycalinks.io/app/item/image/YUGI/card/QCAC-JP/QCAC-JP011e.jpg,,,,,
1147856,600563915,【PSA10】閃刀姫－ハヤテ（イラスト違い）,,,QCAC-JP009,クォーターセンチュリーシークレット,QUARTER CENTURY ART COLLECTION,QCAC-JP009せんとうきハヤテ せんとうきはやて 閃刀姫ハヤテ a08491308,,0,遊戯王,PSA,0,13000,,https://static.mycalinks.io/app/item/image/YUGI/card/QCAC-JP/QCAC-JP009e.jpg,,,,,
1147873,600563885,【PSA10】閃刀姫－レイ(25th/片手剣),,,QCAC-JP008,クォーターセンチュリーシークレット,QUARTER CENTURY ART COLLECTION,QCAC-JP008せんとうきレイ せんとうきれい 閃刀姫レイ a26077387,,0,遊戯王,PSA,0,20000,,https://static.mycalinks.io/app/item/image/YUGI/card/QCAC-JP/QCAC-JP008d.jpg,,,,,
1147959,600563730,【PSA10】ブルーアイズ・カオス・MAX・ドラゴン,,,QCAC-JP001,クォーターセンチュリーシークレット,QUARTER CENTURY ART COLLECTION,QCAC-JP001ブルーアイズカオスマックスドラゴン ぶるーあいずかおすまっくすどらごん ブルーアイズカオスMAXドラゴン a55410871,,0,遊戯王,PSA,0,7000,,https://static.mycalinks.io/app/item/image/YUGI/card/QCAC-JP/QCAC-JP001d.jpg,,,,,
1148313,600563075,【PSA10】Live☆Twin リィラ・スウィート,,,ALIN-JP028,クォーターセンチュリーシークレット,ALLIANCE INSIGHT,ALIN-JP028ライブツイン リィラスウィート らいぶついん りぃらすうぃーと LiveTwinリィラスウィート a82699999,,0,遊戯王,PSA,0,10000,,https://static.mycalinks.io/app/item/image/YUGI/card/ALIN-JP/ALIN-JP028c.jpg,,,,,
1148455,600562845,【PSA10】魔術師の弟子－ブラック・マジシャン・ガール,,,ALIN-JP004,クォーターセンチュリーシークレット,ALLIANCE INSIGHT,ALIN-JP004マジュツシノデシブラックマジシャンガール まじゅつしのでしぶらっくまじしゃんがーる 魔術師の弟子ブラックマジシャンガール a02501624,,0,遊戯王,PSA,0,58000,,https://static.mycalinks.io/app/item/image/YUGI/card/ALIN-JP/ALIN-JP004c.jpg,,,,,
1149753,600562400,【PSA10】星杯の神子イヴ,,,QCTB-JP043,クォーターセンチュリーシークレット,QUARTER CENTURY TRINITY BOX,QCTB-JP043せいはいのみこイヴ せいはいのみこいヴ 星杯の神子イヴ a94677445,,0,遊戯王,PSA,0,9000,,https://static.mycalinks.io/app/item/image/YUGI/card/QCTB-JP/QCTB-JP043d.jpg,,,,,
1153618,600559315,【PSA10】混沌の黒魔術師,,,QCLP-JP018,クォーターセンチュリーシークレット,QUARTER CENTURY LIMITED PACK,QCLP-JP018コントンノクロマジュツシ こんとんのくろまじゅつし 混沌の黒魔術師 a40737112,,0,遊戯王,PSA,0,8000,,https://static.mycalinks.io/app/item/image/YUGI/card/QCLP-JP/QCLP-JP018d.jpg,,,,,
1153695,600559175,【PSA10】トゥーン・ブラック・マジシャン・ガール,,,QCLP-JP010,クォーターセンチュリーシークレット,QUARTER CENTURY LIMITED PACK,QCLP-JP010トゥーンブラックマジシャンガール とぅーんぶらっくまじしゃんがーる トゥーンブラックマジシャンガール a90960358,,0,遊戯王,PSA,0,8000,,https://static.mycalinks.io/app/item/image/YUGI/card/QCLP-JP/QCLP-JP010d.jpg,,,,,
1153701,600559160,【PSA10】トゥーンブラックマジシャンガール(ウルトラ/復刻),,,JP010,ウルトラレア,QUARTER CENTURY LIMITED PACK,QCLP-JP010(旧)トゥーンブラックマジシャンガール とぅーんぶらっくまじしゃんがーる トゥーンブラックマジシャンガール a90960358,,0,遊戯王,PSA,0,32000,,https://static.mycalinks.io/app/item/image/YUGI/card/QCLP-JP/QCLP-JP010.jpg,,,,,
1153785,600559085,【PSA10】レッドアイズ・ブラックメタルドラゴン,,,QCLP-JP005,クォーターセンチュリーシークレット,QUARTER CENTURY LIMITED PACK,QCLP-JP005レッドアイズブラックメタルドラゴン れっどあいずぶらっくめたるどらごん レッドアイズブラックメタルドラゴン a64335804,,0,遊戯王,PSA,0,17000,,https://static.mycalinks.io/app/item/image/YUGI/card/QCLP-JP/QCLP-JP005d.jpg,,,,,
1153816,600559035,【PSA10】アクア・マドール,,,QCLP-JP002,クォーターセンチュリーシークレット,QUARTER CENTURY LIMITED PACK,QCLP-JP002アクアマドール あくあまどーる アクアマドール a85639257,,0,遊戯王,PSA,0,8000,,https://static.mycalinks.io/app/item/image/YUGI/card/QCLP-JP/QCLP-JP002d.jpg,,,,,
1153828,600559015,【PSA10】女剣士カナン,,,QCLP-JP001,クォーターセンチュリーシークレット,QUARTER CENTURY LIMITED PACK,QCLP-JP001オンナケンシカナン おんなけんしかなん 女剣士カナン a12829151,,0,遊戯王,PSA,0,240000,,https://static.mycalinks.io/app/item/image/YUGI/card/QCLP-JP/QCLP-JP001d.jpg,,,,,
1157254,600555525,【PSA10】白の聖女エクレシア,,,CF01-JPS02,クォーターセンチュリーシークレット,COMPLETE FILE ?白の物語?,CF01-JPS02しろのせいじょエクレシア しろのせいじょえくれしあ 白の聖女エクレシア a55273560,,0,遊戯王,PSA,0,15000,,https://static.mycalinks.io/app/item/image/YUGI/card/CF01-JP/CF01-JPS02.jpg,,,,,
1158758,600553370,【PSA10】水霊媒師エリア,,,ROTA-JP023,クォーターセンチュリーシークレット,RAGE OF THE ABYSS,ROTA-JP023すいれいばいしエリア すいれいばいしえりあ 水霊媒師エリア a15746348,,0,遊戯王,PSA,0,7000,,https://static.mycalinks.io/app/item/image/YUGI/card/ROTA-JP/ROTA-JP023d.jpg,,,,,
1160779,600551140,【PSA10】オベリスクの巨神兵,,,VP24-JP001,クォーターセンチュリーシークレット,QUARTER CENTURY LEGENDARY SELECTION,VP24-JP001オベリスクノキョシンヘイ おべりすくのきょしんへい オベリスクの巨神兵 -,,0,遊戯王,PSA,0,8000,,https://static.mycalinks.io/app/item/image/YUGI/card/VP24-JP/VP24-JP001.jpg,,,,,
1161928,600549685,【PSA10】黒き魔術師－ブラック・マジシャン,,,INFO-JP006,クォーターセンチュリーシークレット,INFINITE FORBIDDEN,INFO-JP006くろきまじゅつしブラック・マジシャン くろきまじゅつしぶらっく・まじしゃん 黒き魔術師ブラックマジシャン a00342673,,0,遊戯王,PSA,0,14000,,https://static.mycalinks.io/app/item/image/YUGI/card/INFO-JP/INFO-JP006d.jpg,,,,,
1162429,600549180,【PSA10】清冽の水霊使いエリア,,,QCCP-JP190,クォーターセンチュリーシークレット,QUARTER CENTURY CHRONICLE side:PRIDE,QCCP-JP190せいれつのすいれいつかいエリア せいれつのすいれいつかいえりあ 清冽の水霊使いエリア a73309655,,0,遊戯王,PSA,0,15000,,https://static.mycalinks.io/app/item/image/YUGI/card/QCCP-JP/QCCP-JP190d.jpg,,,,,
1163463,600547840,【PSA10】(新)真紅眼の黒竜,,,QCCP-JP108,クォーターセンチュリーシークレット,QUARTER CENTURY CHRONICLE side:PRIDE,QCCP-JP108レッドアイズブラックドラゴン れっどあいずぶらっくどらごん 真紅眼の黒竜 a74677422,,0,遊戯王,PSA,0,64000,,https://static.mycalinks.io/app/item/image/YUGI/card/QCCP-JP/QCCP-JP108e.jpg,,,,,
1163466,600547835,【PSA10】真紅眼の黒竜,,,QCCP-JP108,クォーターセンチュリーシークレット,QUARTER CENTURY CHRONICLE side:PRIDE,QCCP-JP108レッドアイズブラックドラゴン れっどあいずぶらっくどらごん 真紅眼の黒竜 a74677422,,0,遊戯王,PSA,0,31000,,https://static.mycalinks.io/app/item/image/YUGI/card/QCCP-JP/QCCP-JP108d.jpg,,,,,
1166292,600545765,【PSA10】増援,,,ART1-JP001,クォーターセンチュリーシークレット,YU-GI-OH！ CARD GAME ART WORKS,ART1-JP001ぞうえん a32807846,,0,遊戯王,PSA,0,10000,,https://static.mycalinks.io/app/item/image/YUGI/card/books/ART1-JP001.jpg,,,,,
1166369,600545570,【PSA10】I：Pマスカレーナ,,,QCCU-JP191,クォーターセンチュリーシークレット,QUARTER CENTURY CHRONICLE side:UNITY,QCCU-JP191アイピーマスカレーナ あいぴーますかれーな IPマスカレーナ a65741786,,0,遊戯王,PSA,0,23000,,https://static.mycalinks.io/app/item/image/YUGI/card/QCCU-JP/QCCU-JP191d.jpg,,,,,
1166401,600545515,【PSA10】蒼翠の風霊使いウィン,,,QCCU-JP188,クォーターセンチュリーシークレット,QUARTER CENTURY CHRONICLE side:UNITY,QCCU-JP188そうすいのふうれいつかいウィン そうすいのふうれいつかいうぃん 蒼翠の風霊使いウィン a30674956,,0,遊戯王,PSA,0,13000,,https://static.mycalinks.io/app/item/image/YUGI/card/QCCU-JP/QCCU-JP188d.jpg,,,,,
1172305,600538570,【PSA10】青眼の究極竜,,,TDPP-JP018,クォーターセンチュリーシークレット,PREMIUM PACK 決闘者伝説 QUARTER CENTURY EDITION,TDPP-JP018ブルーアイズアルティメットドラゴン ぶるーあいずあるてぃめっとどらごん 青眼の究極竜 -,,0,遊戯王,PSA,0,26000,,https://static.mycalinks.io/app/item/image/YUGI/card/TDPP-JP/TDPP-JP018f.jpg,,,,,
1172333,600538540,【PSA10】メテオ・ブラック・ドラゴン,,,TDPP-JP017,クォーターセンチュリーシークレット,PREMIUM PACK 決闘者伝説 QUARTER CENTURY EDITION,TDPP-JP017メテオブラックドラゴン めておぶらっくどらごん メテオブラックドラゴン -,,0,遊戯王,PSA,0,8000,,https://static.mycalinks.io/app/item/image/YUGI/card/TDPP-JP/TDPP-JP017f.jpg,,,,,
1172354,600538510,【PSA10】ファイヤー・ウイング・ペガサス,,,TDPP-JP016,クォーターセンチュリーシークレット,PREMIUM PACK 決闘者伝説 QUARTER CENTURY EDITION,TDPP-JP016ファイヤーウイングペガサス ふぁいやーういんぐぺがさす ファイヤーウイングペガサス -,,0,遊戯王,PSA,0,9000,,https://static.mycalinks.io/app/item/image/YUGI/card/TDPP-JP/TDPP-JP016f.jpg,,,,,
1172376,600538480,【PSA10】エビルナイト・ドラゴン,,,TDPP-JP015,クォーターセンチュリーシークレット,PREMIUM PACK 決闘者伝説 QUARTER CENTURY EDITION,TDPP-JP015エビルナイトドラゴン えびるないとどらごん エビルナイトドラゴン -,,0,遊戯王,PSA,0,8000,,https://static.mycalinks.io/app/item/image/YUGI/card/TDPP-JP/TDPP-JP015f.jpg,,,,,
1172394,600538450,【PSA10】千年原人,,,TDPP-JP014,クォーターセンチュリーシークレット,PREMIUM PACK 決闘者伝説 QUARTER CENTURY EDITION,TDPP-JP014せんねんげんじん -,,0,遊戯王,PSA,0,10000,,https://static.mycalinks.io/app/item/image/YUGI/card/TDPP-JP/TDPP-JP014f.jpg,,,,,
1172412,600538420,【PSA10】トライホーン・ドラゴン,,,TDPP-JP013,クォーターセンチュリーシークレット,PREMIUM PACK 決闘者伝説 QUARTER CENTURY EDITION,TDPP-JP013トライホーンドラゴン とらいほーんどらごん トライホーンドラゴン -,,0,遊戯王,PSA,0,13000,,https://static.mycalinks.io/app/item/image/YUGI/card/TDPP-JP/TDPP-JP013f.jpg,,,,,
1172429,600538390,【PSA10】ゲート・ガーディアン,,,TDPP-JP012,クォーターセンチュリーシークレット,PREMIUM PACK 決闘者伝説 QUARTER CENTURY EDITION,TDPP-JP012ゲートガーディアン げーとがーでぃあん ゲートガーディアン -,,0,遊戯王,PSA,0,7000,,https://static.mycalinks.io/app/item/image/YUGI/card/TDPP-JP/TDPP-JP012f.jpg,,,,,
1172452,600538360,【PSA10】マジシャン・オブ・ブラックカオス,,,TDPP-JP011,クォーターセンチュリーシークレット,PREMIUM PACK 決闘者伝説 QUARTER CENTURY EDITION,TDPP-JP011マジシャンオブブラックカオス まじしゃんおぶぶらっくかおす マジシャンオブブラックカオス -,,0,遊戯王,PSA,0,7000,,https://static.mycalinks.io/app/item/image/YUGI/card/TDPP-JP/TDPP-JP011f.jpg,,,,,
1175133,600535130,【PSA10】青眼の白龍,,,QCDB-JP009,クォーターセンチュリーシークレット,QUARTER CENTURY DUELIST BOX SPECIAL PACK,QCDB-JP009ブルーアイズホワイトドラゴン ぶるーあいずほわいとどらごん 青眼の白龍 a89631139,,0,遊戯王,PSA,0,29000,,https://static.mycalinks.io/app/item/image/YUGI/card/QCDB-JP/QCDB-JP009c.jpg,,,,,
1175138,600535115,【PSA10】ブラック・マジシャン・ガール,,,QCDB-JP008,クォーターセンチュリーシークレット,QUARTER CENTURY DUELIST BOX SPECIAL PACK,QCDB-JP008ブラックマジシャンガール ぶらっくまじしゃんがーる ブラックマジシャンガール a38033121,,0,遊戯王,PSA,0,34000,,https://static.mycalinks.io/app/item/image/YUGI/card/QCDB-JP/QCDB-JP008c.jpg,,,,,
1185081,600518500,【PSA10】オシリスの天空竜,,,VP23-JP001,クォーターセンチュリーシークレット,QUARTER CENTURY ANNIVERSARY SELECTION,VP23-JP001オシリスノテンクウリュウ おしりすのてんくうりゅう オシリスの天空竜 -,,0,遊戯王,PSA,0,8000,,https://static.mycalinks.io/app/item/image/YUGI/card/VP23-JP/vp23-001.jpg,,,,,
1189372,600514265,【PSA10】灰流うらら,,,RC04-JP009,クォーターセンチュリーシークレット,RARITY COLLECTION ? QUARTER CENTURY EDITION ?,RC04-JP009ハルウララ はるうらら 灰流うらら a14558127,,0,遊戯王,PSA,0,22000,,https://static.mycalinks.io/app/item/image/YUGI/card/RC04-JP/RC04-JP009f.jpg,,,,,
1199611,600498291,【PSA10】カオス・ソルジャー,,,PSEC-JP004,プリズマティックシークレット,カオス・ソルジャーGETキャンペーン,PSEC-JP004カオスソルジャー かおすそるじゃー カオスソルジャー -,,0,遊戯王,PSA,0,100000,,https://static.mycalinks.io/app/item/image/YUGI/card/present/PSEC-JP004.jpg,,,,,
1206803,600484625,【PSA10】究極竜騎士,,,BACH-JPS01,プリズマティックシークレット,BATTLE OF CHAOS,BACH-JPS01マスターオブドラゴンナイト ますたーおぶどらごんないと 究極竜騎士 a62873545,,0,遊戯王,PSA,0,69000,,https://static.mycalinks.io/app/item/image/YUGI/card/11_7_BACH-JP/bach-s01.jpg,,,,,
1214899,600466810,【PSA10】朔夜しぐれ（イラスト違い）,,,PAC1-JP035,プリズマティックシークレット,PRISMATIC ART COLLECTION,PAC1-JP035サヨシグレ さよしぐれ 朔夜しぐれ a52038441,,0,遊戯王,PSA,0,18000,,https://static.mycalinks.io/app/item/image/YUGI/card/PAC1-JP/PAC1-JP035e.jpg,,,,,
1214909,600466785,【PSA10】(新)I:Pマスカレーナ,,,PAC1-JP034,プリズマティックシークレット,PRISMATIC ART COLLECTION,PAC1-JP034アイピーマスカレーナ あいぴーますかれーな IPマスカレーナ a65741786,,0,遊戯王,PSA,0,35000,,https://static.mycalinks.io/app/item/image/YUGI/card/PAC1-JP/PAC1-JP034e.jpg,,,,,
1214913,600466780,【PSA10】I：Pマスカレーナ,,,PAC1-JP034,プリズマティックシークレット,PRISMATIC ART COLLECTION,PAC1-JP034アイピーマスカレーナ あいぴーますかれーな IPマスカレーナ a65741786,,0,遊戯王,PSA,0,17000,,https://static.mycalinks.io/app/item/image/YUGI/card/PAC1-JP/PAC1-JP034d.jpg,,,,,
1215893,600463320,【PSA10】ラーの翼神竜,,,PGB1-JPS03,プリズマティックシークレット,PRISMATIC GOD BOX,PGB1-JPS03ラーノヨクシンリュウ らーのよくしんりゅう ラーの翼神竜 -,,0,遊戯王,PSA,0,17000,,https://static.mycalinks.io/app/item/image/YUGI/card/PGB1-JP/PGB1-JPS03.jpg,,,,,
1215898,600463310,【PSA10】オシリスの天空竜,,,PGB1-JPS01,プリズマティックシークレット,PRISMATIC GOD BOX,PGB1-JPS01オシリスノテンクウリュウ おしりすのてんくうりゅう オシリスの天空竜 -,,0,遊戯王,PSA,0,18000,,https://static.mycalinks.io/app/item/image/YUGI/card/PGB1-JP/PGB1-JPS01.jpg,,,,,
1217068,600459435,【PSA10】照耀の光霊使いライナ,,,LIOV-JP049,プリズマティックシークレット,LIGHTNING OVERDRIVE,LIOV-JP049ショウヨウノコウレイツカイライナ しょうようのこうれいつかいらいな 照耀の光霊使いライナ a09839945,,0,遊戯王,PSA,0,17000,,https://static.mycalinks.io/app/item/image/YUGI/card/11_4_LIOV-JP/liov-049c.jpg,,,,,
1221355,600443386,【PSA10】青眼の白龍,,,PSEC-JP001,プリズマティックシークレット,青眼の白龍GETキャンペーン,PSEC-JP001ブルーアイズホワイトドラゴン ぶるーあいずほわいとどらごん 青眼の白龍 a89631139,,0,遊戯王,PSA,0,370000,,https://static.mycalinks.io/app/item/image/YUGI/card/present/PSEC-JP001.jpg,,,,,
1222370,600440015,【PSA10】幻想の見習い魔導師,,,20CP-JPF02,20thシークレット,20thシークレットレア FINAL CHALLENGE PACK,20CP-JPF02ゲンソウノミナライマドウシ げんそうのみならいまどうし 幻想の見習い魔導師 a30603688,,0,遊戯王,PSA,0,31000,,https://static.mycalinks.io/app/item/image/YUGI/card/20CP-JPF/20CP-JPF02b.jpg,,,,,
1222437,600439445,【PSA10】清冽の水霊使いエリア,,,ETCO-JP055,20thシークレット,ETERNITY CODE,ETCO-JP055せいれつのすいれいつかいエリア せいれつのすいれいつかいえりあ 清冽の水霊使いエリア a73309655,,0,遊戯王,PSA,0,130000,,https://static.mycalinks.io/app/item/image/YUGI/card/10_12_ETCO-JP/etco-055d.jpg,,,,,
1222510,600439335,【PSA10】アロメルスの蟲惑魔,,,ETCO-JP045,20thシークレット,ETERNITY CODE,ETCO-JP045アロメルスノコワクマ あろめるすのこわくま アロメルスの蟲惑魔 a59071624,,0,遊戯王,PSA,0,63000,,https://static.mycalinks.io/app/item/image/YUGI/card/10_12_ETCO-JP/etco-045c.jpg,,,,,
1223763,600433000,【PSA10】ブラック・マジシャン・ガール,,,DP23-JP000,ホログラフィック,デュエリストパック ? レジェンドデュエリスト編6 ?,DP23-JP000ブラックマジシャンガール ぶらっくまじしゃんがーる ブラックマジシャンガール a38033121,,0,遊戯王,PSA,0,81000,,https://static.mycalinks.io/app/item/image/YUGI/card/DP23-JP/dp23-000.jpg,,,,,
1223995,600431405,【PSA10】崔嵬の地霊使いアウス,,,IGAS-JP048,20thシークレット,IGNITION ASSAULT,IGAS-JP048さいかいのちれいつかいアウス さいかいのちれいつかいあうす 崔嵬の地霊使いアウス a97661969,,0,遊戯王,PSA,0,26000,,https://static.mycalinks.io/app/item/image/YUGI/card/10_11_IGAS-JP/igas-048c.jpg,,,,,
1224253,600431000,【PSA10】万物創世龍,,,IGAS-JP000,10000シークレット,IGNITION ASSAULT,IGAS-JP000テンサウザンドドラゴン てんさうざんどどらごん 万物創世龍 a00010000,,0,遊戯王,PSA,0,480000,,https://static.mycalinks.io/app/item/image/YUGI/card/10_11_IGAS-JP/igas-000.jpg,,,,,
1225276,600424415,【PSA10】I：Pマスカレーナ,,,CHIM-JP049,20thシークレット,CHAOS IMPACT,CHIM-JP049アイピーマスカレーナ あいぴーますかれーな IPマスカレーナ a65741786,,0,遊戯王,PSA,0,160000,,https://static.mycalinks.io/app/item/image/YUGI/card/10_10_CHIM-JP/chim-049c.jpg,,,,,
1226204,600417370,【PSA10】蒼翠の風霊使いウィン,,,RIRA-JP046,20thシークレット,RISING RAMPAGE,RIRA-JP046そうすいのふうれいつかいウィン そうすいのふうれいつかいうぃん 蒼翠の風霊使いウィン a30674956,,0,遊戯王,PSA,0,180000,,https://static.mycalinks.io/app/item/image/YUGI/card/10_9_RIRA-JP/rira-046c.jpg,,,,,
1226790,600413005,【PSA10】閃刀姫－レイ,,,20CP-JPC02,20thシークレット,20thシークレットレア CHALLENGE PACK,20CP-JPC02せんとうきレイ せんとうきれい 閃刀姫レイ a26077387,,0,遊戯王,PSA,0,170000,,https://static.mycalinks.io/app/item/image/YUGI/card/20CP-JPC/20CP-JPC02.jpg,,,,,
1227093,600411035,【PSA10】幽鬼うさぎ,,,20CP-JPS08,20thシークレット,20thシークレットレアSPECIAL PACK,20CP-JPS08ゆきうさぎ a59438930,,0,遊戯王,PSA,0,19000,,https://static.mycalinks.io/app/item/image/YUGI/card/20CP-JPS/20CP-JPS08.jpg,,,,,
1227105,600411010,【PSA10】真紅眼の黒竜,,,20CP-JPS03,20thシークレット,20thシークレットレアSPECIAL PACK,20CP-JPS03レッドアイズブラックドラゴン れっどあいずぶらっくどらごん 真紅眼の黒竜 a74677422,,0,遊戯王,PSA,0,77000,,https://static.mycalinks.io/app/item/image/YUGI/card/20CP-JPS/20CP-JPS03.jpg,,,,,
1227106,600411005,【PSA10】青眼の白龍,,,20CP-JPS02,20thシークレット,20thシークレットレアSPECIAL PACK,20CP-JPS02ブルーアイズホワイトドラゴン ぶるーあいずほわいとどらごん 青眼の白龍 a89631139,,0,遊戯王,PSA,0,57000,,https://static.mycalinks.io/app/item/image/YUGI/card/20CP-JPS/20CP-JPS02.jpg,,,,,
1227190,600410855,【PSA10】灰流うらら,,,20TH-JPC85,20thシークレット,20th ANNIVERSARY LEGEND COLLECTION,20TH-JPC85ハルウララ はるうらら 灰流うらら a14558127,,0,遊戯王,PSA,0,150000,,https://static.mycalinks.io/app/item/image/YUGI/card/20TH-JPC/20TH-JPC85b.jpg,,,,,
1227379,600410555,【PSA10】ブラック・マジシャン・ガール,,,20TH-JPC55,20thシークレット,20th ANNIVERSARY LEGEND COLLECTION,20TH-JPC55ブラックマジシャンガール ぶらっくまじしゃんがーる ブラックマジシャンガール a38033121,,0,遊戯王,PSA,0,240000,,https://static.mycalinks.io/app/item/image/YUGI/card/20TH-JPC/20TH-JPC55b.jpg,,,,,
1228069,600409245,【PSA10】星杯の神子イヴ,,,DANE-JP035,20thシークレット,DARK NEOSTORM,DANE-JP035せいはいのみこイヴ せいはいのみこいヴ 星杯の神子イヴ a94677445,,0,遊戯王,PSA,0,130000,,https://static.mycalinks.io/app/item/image/YUGI/card/10_8_DANE-JP/dane-035c.jpg,,,,,
1229678,600400450,【PSA10】灼熱の火霊使いヒータ,,,SAST-JP056,20thシークレット,SAVAGE STRIKE,SAST-JP056シャクネツノカレイツカイヒータ しゃくねつのかれいつかいひーた 灼熱の火霊使いヒータ a48815792,,0,遊戯王,PSA,0,86000,,https://static.mycalinks.io/app/item/image/YUGI/card/10_7_SAST-JP/sast-056c.jpg,,,,,
1230564,600394600,【PSA10】ブラック・マジシャン,,,2018-JPP02,20thシークレット,Yu-Gi-Oh! WORLD CHAMPIONSHIP 2018 入場者,2018-JPP02ブラックマジシャン ぶらっくまじしゃん ブラックマジシャン a46986414,,0,遊戯王,PSA,0,130000,,https://static.mycalinks.io/app/item/image/YUGI/card/battle/2018-JPP02.jpg,,,,,
1230565,600394599,【PSA10】青眼の白龍,,,2018-JPP01,20thシークレット,Yu-Gi-Oh! WORLD CHAMPIONSHIP 2018 入場者,2018-JPP01ブルーアイズホワイトドラゴン ぶるーあいずほわいとどらごん 青眼の白龍 a89631139,,0,遊戯王,PSA,0,360000,,https://static.mycalinks.io/app/item/image/YUGI/card/battle/2018-JPP01.jpg,,,,,
1231729,600387385,【PSA10】サイバー・ドラゴン・ズィーガー,,,CYHO-JP046,20thシークレット,CYBERNETIC HORIZON,CYHO-JP046サイバードラゴンズィーガー さいばーどらごんずぃーがー サイバードラゴンズィーガー a46724542,,0,遊戯王,PSA,0,13000,,https://static.mycalinks.io/app/item/image/YUGI/card/10_5_CYHO-JP/cyho-046c.jpg,,,,,
1235141,600366513,【PSA10】ブラック・マジシャン・ガール,,,2017-JPP01,ホログラフィック,Yu-Gi-Oh! WORLD CHAMPIONSHIP 2017 入場者,2017-JPP01ブラックマジシャンガール ぶらっくまじしゃんがーる ブラックマジシャンガール a38033121,,0,遊戯王,PSA,498000,980000,,https://static.mycalinks.io/app/item/image/YUGI/card/battle/2017-JPP01.jpg,,,,,
1245696,600304000,【PSA10】青眼の白龍,,,TRC1-JP000,ホログラフィック,THE RARITY COLLECTION,TRC1-JP000ブルーアイズホワイトドラゴン ぶるーあいずほわいとどらごん 青眼の白龍 a89631139,,0,遊戯王,PSA,0,200000,,https://static.mycalinks.io/app/item/image/YUGI/card/TRC1-JP/TRC1-JP000.jpg,,,,,
1247915,600282205,【PSA10】No.62 銀河眼の光子竜皇,,,PRIO-JP040,ホログラフィック,PRIMAL ORIGIN,PRIO-JP040ナンバーズ62ギャラクシーアイズプライムフォトンドラゴン なんばーず62ぎゃらくしーあいずぷらいむふぉとんどらごん No62銀河眼の光子竜皇 a31801517,,0,遊戯王,PSA,0,62000,,https://static.mycalinks.io/app/item/image/YUGI/card/8_8_PRIO-JP/prio-040c.jpg,,,,,
1255159,600219565,【PSA10】銀河眼の光子竜,,,PHSW-JP011,ホログラフィック,PHOTON SHOCKWAVE,PHSW-JP011ギャラクシーアイズフォトンドラゴン ぎゃらくしーあいずふぉとんどらごん 銀河眼の光子竜 a93717133,,0,遊戯王,PSA,0,43000,,https://static.mycalinks.io/app/item/image/YUGI/card/7_6_PHSW-JP/phsw-011c.jpg,,,,,
1257657,600193215,【PSA10】シューティング・スター・ドラゴン,,,STBL-JP040,ホログラフィック,STARSTRIKE BLAST,STBL-JP040シューティングスタードラゴン しゅーてぃんぐすたーどらごん シューティングスタードラゴン a24696097,,0,遊戯王,PSA,0,160000,,https://static.mycalinks.io/app/item/image/YUGI/card/7_2_STBL-JP/stbl-040c.jpg,,,,,
1258382,600184210,【PSA10】(ホログラフィック) ブラックフェザードラゴン,,,TSHD-JP040,ホログラフィック,THE SHINING DARKNESS,TSHD-JP040ブラックフェザードラゴン ぶらっくふぇざーどらごん ブラックフェザードラゴン a09012916,,0,遊戯王,PSA,0,96000,,https://static.mycalinks.io/app/item/image/YUGI/card/6_8_TSHD-JP/tshd-040c.jpg,,,,,
1258383,600184205,【PSA10】(レリーフ) ブラックフェザードラゴン,,,TSHD-JP040,アルティメット,THE SHINING DARKNESS,TSHD-JP040ブラックフェザードラゴン ぶらっくふぇざーどらごん ブラックフェザードラゴン a09012916,,0,遊戯王,PSA,0,110000,,https://static.mycalinks.io/app/item/image/YUGI/card/6_8_TSHD-JP/tshd-040b.jpg,,,,,
1258878,600179210,【PSA10】(ホログラフィック) セイヴァーデモンドラゴン,,,ABPF-JP040,ホログラフィック,ABSOLUTE POWERFORCE,ABPF-JP040セイヴァーデモンドラゴン せいヴぁーでもんどらごん セイヴァーデモンドラゴン a67030233,,0,遊戯王,PSA,0,160000,,https://static.mycalinks.io/app/item/image/YUGI/card/6_7_ABPF-JP/abpf-040c.jpg,,,,,
1259525,600171225,【PSA10】(ホログラフィック) セイヴァースタードラゴン,,,SOVR-JP040,ホログラフィック,STARDUST OVERDRIVE,SOVR-JP040セイヴァースタードラゴン せいヴぁーすたーどらごん セイヴァースタードラゴン a07841112,,0,遊戯王,PSA,0,120000,,https://static.mycalinks.io/app/item/image/YUGI/card/6_6_SOVR-JP/sovr-040c.jpg,,,,,
1259928,600166220,【PSA10】(ホログラフィック) エンシェントフェアリードラゴン,,,ANPR-JP040,ホログラフィック,ANCIENT PROPHECY,ANPR-JP040エンシェントフェアリードラゴン えんしぇんとふぇありーどらごん エンシェントフェアリードラゴン a25862681,,0,遊戯王,PSA,0,78000,,https://static.mycalinks.io/app/item/image/YUGI/card/6_5_ANPR-JP/anpr-040c.jpg,,,,,
1259931,600166215,【PSA10】(レリーフ) エンシェントフェアリードラゴン,,,ANPR-JP040,アルティメット,ANCIENT PROPHECY,ANPR-JP040エンシェントフェアリードラゴン えんしぇんとふぇありーどらごん エンシェントフェアリードラゴン a25862681,,0,遊戯王,PSA,0,80000,,https://static.mycalinks.io/app/item/image/YUGI/card/6_5_ANPR-JP/anpr-040b.jpg,,,,,
1260206,600162235,【PSA10】(ホログラフィック) パワーツールドラゴン,,,RGBT-JP042,ホログラフィック,RAGING BATTLE,RGBT-JP042パワーツールドラゴン ぱわーつーるどらごん パワーツールドラゴン a02403771,,0,遊戯王,PSA,0,78000,,https://static.mycalinks.io/app/item/image/YUGI/card/6_4_RGBT-JP/rgbt-042c.jpg,,,,,
1260207,600162230,【PSA10】(レリーフ) パワーツールドラゴン,,,RGBT-JP042,アルティメット,RAGING BATTLE,RGBT-JP042パワーツールドラゴン ぱわーつーるどらごん パワーツールドラゴン a02403771,,0,遊戯王,PSA,0,76000,,https://static.mycalinks.io/app/item/image/YUGI/card/6_4_RGBT-JP/rgbt-042b.jpg,,,,,
1261225,600149210,【PSA10】(ホログラフィック) ブラックローズドラゴン,,,CSOC-JP039,ホログラフィック,CROSSROADS OF CHAOS,CSOC-JP039ブラックローズドラゴン ぶらっくろーずどらごん ブラックローズドラゴン a73580471,,0,遊戯王,PSA,0,190000,,https://static.mycalinks.io/app/item/image/YUGI/card/6_2_CSOC-JP/csoc-039c.jpg,,,,,
1261227,600149205,【PSA10】(レリーフ) ブラックローズドラゴン,,,CSOC-JP039,アルティメット,CROSSROADS OF CHAOS,CSOC-JP039ブラックローズドラゴン ぶらっくろーずどらごん ブラックローズドラゴン a73580471,,0,遊戯王,PSA,0,170000,,https://static.mycalinks.io/app/item/image/YUGI/card/6_2_CSOC-JP/csoc-039b.jpg,,,,,
1261617,600144225,【PSA10】(レリーフ) ブラックデーモンズドラゴン,,,TDGS-JP041,アルティメット,THE DUELIST GENESIS,TDGS-JP041レッドデーモンズドラゴン れっどでーもんずどらごん レッドデーモンズドラゴン a70902743,,0,遊戯王,PSA,0,120000,,https://static.mycalinks.io/app/item/image/YUGI/card/6_1_TDGS-JP/tdgs-041b.jpg,,,,,
1261620,600144215,【PSA10】(ホログラフィック) スターダストドラゴン,,,TDGS-JP040,ホログラフィック,THE DUELIST GENESIS,TDGS-JP040スターダストドラゴン すたーだすとどらごん スターダストドラゴン a44508094,,0,遊戯王,PSA,0,180000,,https://static.mycalinks.io/app/item/image/YUGI/card/6_1_TDGS-JP/tdgs-040c.jpg,,,,,
1261621,600144210,【PSA10】(レリーフ) スターダストドラゴン,,,TDGS-JP040,アルティメット,THE DUELIST GENESIS,TDGS-JP040スターダストドラゴン すたーだすとどらごん スターダストドラゴン a44508094,,0,遊戯王,PSA,0,200000,,https://static.mycalinks.io/app/item/image/YUGI/card/6_1_TDGS-JP/tdgs-040b.jpg,,,,,
1261988,600139150,【PSA10】(レリーフ) 裁きの龍,,,LODT-JP026,アルティメット,LIGHT OF DESTRUCTION,LODT-JP026ジャッジメントドラグーン じゃっじめんとどらぐーん 裁きの龍 a57774843,,0,遊戯王,PSA,0,71000,,https://static.mycalinks.io/app/item/image/YUGI/card/5_8_LODT-JP/lodt-026b.jpg,,,,,
1262052,600138060,【PSA10】(レリーフ) ユベル,,,DPC1-JP001,アルティメット,DUELIST PACK COLLECTION,DPC1-JP001ユベル ゆべる ユベル a78371393,,0,遊戯王,PSA,0,40000,,https://static.mycalinks.io/app/item/image/YUGI/card/other/DPC1-JP001.jpg,,,,,
1262142,600137250,【PSA10】(ホログラフィック) レインボーネオス,,,PTDN-JP044,ホログラフィック,PHANTOM DARKNESS,PTDN-JP044レインボーネオス れいんぼーねおす レインボーネオス a86346643,,0,遊戯王,PSA,0,72000,,https://static.mycalinks.io/app/item/image/YUGI/card/5_7_PTDN-JP/ptdn-044c.jpg,,,,,
1262147,600137235,【PSA10】(レリーフ) E・HEROストームネオス,,,PTDN-JP043,アルティメット,PHANTOM DARKNESS,PTDN-JP043エレメンタルヒーローストームネオス えれめんたるひーろーすとーむねおす EHEROストームネオス a49352945,,0,遊戯王,PSA,0,40000,,https://static.mycalinks.io/app/item/image/YUGI/card/5_7_PTDN-JP/ptdn-043b.jpg,,,,,
1262597,600130690,【PSA10】(レリーフ) E・HEROカオスネオス,,,GLAS-JP036,アルティメット,GLADIATOR’S ASSAULT,GLAS-JP036エレメンタルヒーローカオスネオス えれめんたるひーろーかおすねおす EHEROカオスネオス a17032740,,0,遊戯王,PSA,0,44000,,https://static.mycalinks.io/app/item/image/YUGI/card/5_6_GLAS-JP/glas-036b.jpg,,,,,
1263373,600128035,【PSA10】(ホログラフィック) 究極宝玉神レインボードラゴン,,,TAEV-JP006,ホログラフィック,TACTICAL EVOLUTION,TAEV-JP006キュウキョクホウギョクシンレインボードラゴン きゅうきょくほうぎょくしんれいんぼーどらごん 究極宝玉神レインボードラゴン a79856792,,0,遊戯王,PSA,0,140000,,https://static.mycalinks.io/app/item/image/YUGI/card/5_5_TAEV-JP/taev-006c.jpg,,,,,
1263374,600128030,【PSA10】(レリーフ) 究極宝玉神レインボードラゴン,,,TAEV-JP006,アルティメット,TACTICAL EVOLUTION,TAEV-JP006キュウキョクホウギョクシンレインボードラゴン きゅうきょくほうぎょくしんれいんぼーどらごん 究極宝玉神レインボードラゴン a79856792,,0,遊戯王,PSA,0,140000,,https://static.mycalinks.io/app/item/image/YUGI/card/5_5_TAEV-JP/taev-006b.jpg,,,,,
1263684,600122060,【PSA10】(レリーフ) 宝玉獣サファイアペガサス,,,FOTB-JP007,アルティメット,FORCE OF THE BREAKER,FOTB-JP007ほうぎょくじゅうサファイアペガサス ほうぎょくじゅうさふぁいあぺがさす 宝玉獣サファイアペガサス a07093411,,0,遊戯王,PSA,0,44000,,https://static.mycalinks.io/app/item/image/YUGI/card/5_4_FOTB-JP/fotb-007b.jpg,,,,,
1263858,600119385,【PSA10】F・G・D,,,BPCT-JP005,アルティメット,BOOSTER PACK COLLECTORS TIN 2007,BPCT-JP005ファイブゴッドドラゴン ふぁいぶごっどどらごん FGD a99267150,,0,遊戯王,PSA,0,62000,,https://static.mycalinks.io/app/item/image/YUGI/card/other/BPCT-JP005.jpg,,,,,
1263914,600119220,【PSA10】(レリーフ) E・HEROグランネオス,,,STON-JP035,アルティメット,STRIKE OF NEOS,STON-JP035エレメンタルヒーローグランネオス えれめんたるひーろーぐらんねおす EHEROグランネオス a48996569,,0,遊戯王,PSA,0,40000,,https://static.mycalinks.io/app/item/image/YUGI/card/5_3_STON-JP/ston-035b.jpg,,,,,
1264517,600112235,【PSA10】(レリーフ) 鎧黒竜サイバーダークドラゴン,,,CDIP-JP035,アルティメット,CYBERDARK IMPACT,CDIP-JP035ガイコクリュウサイバーダークドラゴン がいこくりゅうさいばーだーくどらごん 鎧黒竜サイバーダークドラゴン a40418351,,0,遊戯王,PSA,0,84000,,https://static.mycalinks.io/app/item/image/YUGI/card/5_2_CDIP-JP/cdip-035b.jpg,,,,,
1264610,600112025,【PSA10】(レリーフ) サイバーダークキール,,,CDIP-JP003,アルティメット,CYBERDARK IMPACT,CDIP-JP003サイバーダークキール さいばーだーくきーる サイバーダークキール a03019642,,0,遊戯王,PSA,0,80000,,https://static.mycalinks.io/app/item/image/YUGI/card/5_2_CDIP-JP/cdip-003b.jpg,,,,,
1264619,600112005,【PSA10】(レリーフ) サイバーダークホーン,,,CDIP-JP001,アルティメット,CYBERDARK IMPACT,CDIP-JP001サイバーダークホーン さいばーだーくほーん サイバーダークホーン a41230939,,0,遊戯王,PSA,0,80000,,https://static.mycalinks.io/app/item/image/YUGI/card/5_2_CDIP-JP/cdip-001b.jpg,,,,,
1264792,600109230,【PSA10】(レリーフ)E・HERO ブラック・ネオス,,,POTD-JP033,アルティメット,POWER OF THE DUELIST,POTD-JP033エレメンタルヒーローブラックネオス えれめんたるひーろーぶらっくねおす EHEROブラックネオス a28677304,,0,遊戯王,PSA,0,57000,,https://static.mycalinks.io/app/item/image/YUGI/card/5_1_POTD-JP/potd-033b.jpg,,,,,
1264797,600109220,【PSA10】(レリーフ)E・HERO フレア・ネオス,,,POTD-JP032,アルティメット,POWER OF THE DUELIST,POTD-JP032エレメンタルヒーローフレアネオス えれめんたるひーろーふれあねおす EHEROフレアネオス a81566151,,0,遊戯王,PSA,0,40000,,https://static.mycalinks.io/app/item/image/YUGI/card/5_1_POTD-JP/potd-032b.jpg,,,,,
1264801,600109210,【PSA10】(レリーフ)E・HERO アクア・ネオス,,,POTD-JP031,アルティメット,POWER OF THE DUELIST,POTD-JP031エレメンタルヒーローアクアネオス えれめんたるひーろーあくあねおす EHEROアクアネオス a55171412,,0,遊戯王,PSA,0,40000,,https://static.mycalinks.io/app/item/image/YUGI/card/5_1_POTD-JP/potd-031b.jpg,,,,,
1265038,600106395,【PSA10】(レリーフ)真紅眼の闇竜,,,W6S-JP001,アルティメット,遊戯王DM エキスパート2006 ワールドチャンピオンシップ2006セット,W6S-JP001レッドアイズダークネスドラゴン れっどあいずだーくねすどらごん 真紅眼の闇竜 a96561011,,0,遊戯王,PSA,0,270000,,https://static.mycalinks.io/app/item/image/YUGI/card/other/W6S-JP001.jpg,,,,,
1265074,600106315,【PSA10】(レリーフ)幽獄の時計塔,,,EOJ-JP048,アルティメット,ENEMY OF JUSTICE,EOJ-JP048ゆうごくのとけいとう a75041269,,0,遊戯王,PSA,0,100000,,https://static.mycalinks.io/app/item/image/YUGI/card/4_8_EOJ-JP/eoj-048b.jpg,,,,,
1265115,600106220,【PSA10】(レリーフ)E・HERO シャイニング・フェニックスガイ,,,EOJ-JP033,アルティメット,ENEMY OF JUSTICE,EOJ-JP033エレメンタルヒーローシャイニングフェニックスガイ えれめんたるひーろーしゃいにんぐふぇにっくすがい EHEROシャイニングフェニックスガイ a88820235,,0,遊戯王,PSA,0,45000,,https://static.mycalinks.io/app/item/image/YUGI/card/4_8_EOJ-JP/eoj-033b.jpg,,,,,
1265946,600102065,【PSA10】(レリーフ)サイバー・レーザー・ドラゴン,,,SOI-JP007,アルティメット,SHADOW OF INFINITY,SOI-JP007サイバーレーザードラゴン さいばーれーざーどらごん サイバーレーザードラゴン a04162088,,0,遊戯王,PSA,0,29000,,https://static.mycalinks.io/app/item/image/YUGI/card/4_7_SOI-JP/soi-007b.jpg,,,,,
1265950,600102055,【PSA10】(レリーフ)サイバー・バリア・ドラゴン,,,SOI-JP006,アルティメット,SHADOW OF INFINITY,SOI-JP006サイバーバリアドラゴン さいばーばりあどらごん サイバーバリアドラゴン a68774379,,0,遊戯王,PSA,0,29000,,https://static.mycalinks.io/app/item/image/YUGI/card/4_7_SOI-JP/soi-006b.jpg,,,,,
1265961,600102025,【PSA10】(レリーフ)幻魔皇ラビエル,,,SOI-JP003,アルティメット,SHADOW OF INFINITY,SOI-JP003ゲンマオウラビエル げんまおうらびえる 幻魔皇ラビエル a69890967,,0,遊戯王,PSA,0,240000,,https://static.mycalinks.io/app/item/image/YUGI/card/4_7_SOI-JP/soi-003b.jpg,,,,,
1265965,600102015,【PSA10】(レリーフ)降雷皇ハモン,,,SOI-JP002,アルティメット,SHADOW OF INFINITY,SOI-JP002コウライオウハモン こうらいおうはもん 降雷皇ハモン a32491822,,0,遊戯王,PSA,0,280000,,https://static.mycalinks.io/app/item/image/YUGI/card/4_7_SOI-JP/soi-002b.jpg,,,,,
1265969,600102005,【PSA10】(レリーフ)神炎皇ウリア,,,SOI-JP001,アルティメット,SHADOW OF INFINITY,SOI-JP001しんえんおうウリア しんえんおううりあ 神炎皇ウリア a06007213,,0,遊戯王,PSA,0,380000,,https://static.mycalinks.io/app/item/image/YUGI/card/4_7_SOI-JP/soi-001b.jpg,,,,,
1266465,600095735,【PSA10】(レリーフ)サイバー・ツイン・ドラゴン,,,CRV-JP035,アルティメット,CYBERNETIC REVOLUTION,CRV-JP035サイバーツインドラゴン さいばーついんどらごん サイバーツインドラゴン a74157028,,0,遊戯王,PSA,0,56000,,https://static.mycalinks.io/app/item/image/YUGI/card/4_5_CRV-JP/crv-035b.jpg,,,,,
1266512,600095605,【PSA10】(レリーフ)サイバー・ドラゴン,,,CRV-JP015,アルティメット,CYBERNETIC REVOLUTION,CRV-JP015サイバードラゴン さいばーどらごん サイバードラゴン a70095154,,0,遊戯王,PSA,0,110000,,https://static.mycalinks.io/app/item/image/YUGI/card/4_5_CRV-JP/crv-015b.jpg,,,,,
1266544,600095525,【PSA10】(レリーフ)ハネクリボー LV10,,,CRV-JP005,アルティメット,CYBERNETIC REVOLUTION,CRV-JP005ハネクリボーレベル10ハネクリボーレベルテン はねくりぼーれべる10はねくりぼーれべるてん ハネクリボーLV10 a98585345,,0,遊戯王,PSA,0,120000,,https://static.mycalinks.io/app/item/image/YUGI/card/4_5_CRV-JP/crv-005b.jpg,,,,,
1267186,600092055,【PSA10】(レリーフ)古代の機械巨人,,,TLM-JP006,アルティメット,THE LOST MILLENNIUM,TLM-JP006アンティークギアゴーレム あんてぃーくぎあごーれむ 古代の機械巨人 a83104731,,0,遊戯王,PSA,0,120000,,https://static.mycalinks.io/app/item/image/YUGI/card/4_4_TLM-JP/tlm-006b.jpg,,,,,
1267188,600092045,【PSA10】(レリーフ)ハネクリボー,,,TLM-JP005,アルティメット,THE LOST MILLENNIUM,TLM-JP005ハネクリボー はねくりぼー ハネクリボー a57116033,,0,遊戯王,PSA,0,110000,,https://static.mycalinks.io/app/item/image/YUGI/card/4_4_TLM-JP/tlm-005b.jpg,,,,,
1267936,600086995,【PSA10】(レリーフ)ヴィクトリー・ドラゴン,,,SDX-JP002,アルティメット,STRUCTURE DECK ? デラックスセット ? Volume.2,SDX-JP002ヴィクトリードラゴン ヴぃくとりーどらごん ヴィクトリードラゴン a44910027,,0,遊戯王,PSA,0,61000,,https://static.mycalinks.io/app/item/image/YUGI/card/other/SDX-JP002.jpg,,,,,
1268048,600086025,【PSA10】(レリーフ)ネフティスの鳳凰神,,,FET-JP005,アルティメット,FLAMING ETERNITY,FET-JP005ネフティスノホウオウシン ねふてぃすのほうおうしん ネフティスの鳳凰神 a61441708,,0,遊戯王,PSA,0,170000,,https://static.mycalinks.io/app/item/image/YUGI/card/4_3_FET-JP/fet-005b.jpg,,,,,
1268671,600082860,【PSA10】(レリーフ)ピケルの魔法陣,,,RDS-JP057,アルティメット,RISE OF DESTINY,RDS-JP057ピケルノマホウジン ぴけるのまほうじん ピケルの魔法陣 a74270067,,0,遊戯王,PSA,0,78000,,https://static.mycalinks.io/app/item/image/YUGI/card/4_2_RDS-JP/rds-057b.jpg,,,,,
1268791,600082530,【PSA10】(レリーフ)創世神,,,RDS-JP005,アルティメット,RISE OF DESTINY,RDS-JP005ザクリエイター ざくりえいたー 創世神 a61505339,,0,遊戯王,PSA,0,71000,,https://static.mycalinks.io/app/item/image/YUGI/card/4_2_RDS-JP/rds-005b.jpg,,,,,
1269329,600080260,【PSA10】(レリーフ)黒炎弾,,,SOD-JP042,アルティメット,SOUL OF THE DUELIST,SOD-JP042コクエンダン こくえんだん 黒炎弾 a52684508,,0,遊戯王,PSA,0,54000,,https://static.mycalinks.io/app/item/image/YUGI/card/4_1_SOD-JP/sod-042b.jpg,,,,,
1269415,600080045,【PSA10】(レリーフ)ホルスの黒炎竜 LV8,,,SOD-JP008,アルティメット,SOUL OF THE DUELIST,SOD-JP008ホルスノコクエンリュウレベル8ホルスノコクエンリュウレベルエイト ほるすのこくえんりゅうれべる8ほるすのこくえんりゅうれべるえいと ホルスの黒炎竜LV8 a48229808,,0,遊戯王,PSA,0,110000,,https://static.mycalinks.io/app/item/image/YUGI/card/4_1_SOD-JP/sod-008b.jpg,,,,,
1269420,600080035,【PSA10】(レリーフ)ホルスの黒炎竜 LV6,,,SOD-JP007,アルティメット,SOUL OF THE DUELIST,SOD-JP007ホルスノコクエンリュウレベル6ホルスノコクエンリュウレベルシックス ほるすのこくえんりゅうれべる6ほるすのこくえんりゅうれべるしっくす ホルスの黒炎竜LV6 a11224103,,0,遊戯王,PSA,0,110000,,https://static.mycalinks.io/app/item/image/YUGI/card/4_1_SOD-JP/sod-007b.jpg,,,,,
1269561,600077325,【PSA10】(レリーフ)竜騎士ガイア,,,309-057,アルティメット,ファラオの遺産,309-057りゅうきしガイア りゅうきしがいあ 竜騎士ガイア a66889139,,0,遊戯王,PSA,0,410000,,https://static.mycalinks.io/app/item/image/YUGI/card/3_9_309/309-057.jpg,,,,,
1269661,600077040,【PSA10】(レリーフ)スピリッツ・オブ・ファラオ,,,309-007,アルティメット,ファラオの遺産,309-007スピリッツオブファラオ すぴりっつおぶふぁらお スピリッツオブファラオ a25343280,,0,遊戯王,PSA,0,62000,,https://static.mycalinks.io/app/item/image/YUGI/card/3_9_309/309-007c.jpg,,,,,
1269704,600076060,【PSA10】(レリーフ)混沌帝龍 －終焉の使者－,,,BPT-J02,アルティメット,BOOSTER PACK COLLECTORS TIN 2004,BPT-J02カオスエンペラードラゴンシュウエンノシシャ かおすえんぺらーどらごんしゅうえんのししゃ 混沌帝龍終焉の使者 a82301904,,0,遊戯王,PSA,0,89000,,https://static.mycalinks.io/app/item/image/YUGI/card/other/BPT-J02.jpg,,,,,
1269868,600074995,【PSA10】(レリーフ)青眼の究極竜,,,SDX-001,アルティメット,STRUCTURE DECK デラックスセット,SDX-001ブルーアイズアルティメットドラゴン ぶるーあいずあるてぃめっとどらごん 青眼の究極竜 -,,0,遊戯王,PSA,0,560000,,https://static.mycalinks.io/app/item/image/YUGI/card/other/SDX-001.jpg,,,,,
1269872,600074300,【PSA10】(レリーフ)人造人間－サイコ・ショッカー,,,308-057,アルティメット,天空の聖域,308-057じんぞうにんげんサイコショッカー じんぞうにんげんさいこしょっかー 人造人間サイコショッカー a77585513,,0,遊戯王,PSA,0,310000,,https://static.mycalinks.io/app/item/image/YUGI/card/3_8_308/308-057.jpg,,,,,
1269934,600074185,【PSA10】(レリーフ)大天使ゼラート,,,308-034,アルティメット,天空の聖域,308-034だいてんしゼラート だいてんしぜらーと 大天使ゼラート a18378582,,0,遊戯王,PSA,0,71000,,https://static.mycalinks.io/app/item/image/YUGI/card/3_8_308/308-034c.jpg,,,,,
1270136,600072300,【PSA10】(レリーフ)封印されしエクゾディア,,,307-057,アルティメット,暗黒の侵略者,307-057ふういんされしえくぞでぃあ a33396948,,0,遊戯王,PSA,0,190000,,https://static.mycalinks.io/app/item/image/YUGI/card/3_7_307/307-057.jpg,,,,,
1270236,600072055,【PSA10】(レリーフ)混沌の黒魔術師,,,307-010,アルティメット,暗黒の侵略者,307-010コントンノクロマジュツシ こんとんのくろまじゅつし 混沌の黒魔術師 a40737112,,0,遊戯王,PSA,99800,540000,,https://static.mycalinks.io/app/item/image/YUGI/card/3_7_307/307-010c.jpg,,,,,
1270437,600068300,【PSA10】(レリーフ)マジシャン・オブ・ブラックカオス,,,306-057,アルティメット,混沌を制す者,306-057マジシャンオブブラックカオス まじしゃんおぶぶらっくかおす マジシャンオブブラックカオス -,,0,遊戯王,PSA,0,250000,,https://static.mycalinks.io/app/item/image/YUGI/card/3_6_306/306-057.jpg,,,,,
1270496,600068135,【PSA10】(レリーフ)カオス・ソルジャー －開闢の使者－,,,306-025,アルティメット,混沌を制す者,306-025カオスソルジャーカイビャクノシシャ かおすそるじゃーかいびゃくのししゃ カオスソルジャー開闢の使者 a72989439,,0,遊戯王,PSA,0,540000,,https://static.mycalinks.io/app/item/image/YUGI/card/3_6_306/306-025c.jpg,,,,,
1270550,600067695,【PSA10】(レリーフ)究極完全態・グレート・モス,,,DL5-136,アルティメット,DUELIST LEGACY Volume.5,DL5-136キュウキョクカンゼンタイグレートモス きゅうきょくかんぜんたいぐれーともす 究極完全態グレートモス -,,0,遊戯王,PSA,29800,150000,,https://static.mycalinks.io/app/item/image/YUGI/card/DL5/DL5_1.jpg,,,,,
1270842,600066280,【PSA10】(レリーフ)暗黒魔族ギルファー・デーモン,,,305-053,アルティメット,闇魔界の脅威,305-053アンコクマゾクギルファーデーモン あんこくまぞくぎるふぁーでーもん 暗黒魔族ギルファーデーモン a50287060,,0,遊戯王,PSA,0,72000,,https://static.mycalinks.io/app/item/image/YUGI/card/3_5_305/305-053.jpg,,,,,
1270961,600065695,【PSA10】(レリーフ)インセクト女王,,,DL4-136,アルティメット,DUELIST LEGACY Volume.4,DL4-136インセクトクイーン いんせくとくいーん インセクト女王 a91512835,,0,遊戯王,PSA,0,67000,,https://static.mycalinks.io/app/item/image/YUGI/card/DL4/DL4_1.jpg,,,,,
1271548,600063285,【PSA10】(レリーフ)カオス・ソルジャー,,,304-054,アルティメット,ガーディアンの力,304-054カオスソルジャー かおすそるじゃー カオスソルジャー -,,0,遊戯王,PSA,0,640000,,https://static.mycalinks.io/app/item/image/YUGI/card/3_4_304/304-054.jpg,,,,,
1271551,600063270,【PSA10】(レリーフ)カイザー・グライダー,,,304-051,アルティメット,ガーディアンの力,304-051カイザーグライダー かいざーぐらいだー カイザーグライダー a52824910,,0,遊戯王,PSA,0,45000,,https://static.mycalinks.io/app/item/image/YUGI/card/3_4_304/304-051b.jpg,,,,,
1271666,600062285,【PSA10】(レリーフ)バスター・ブレイダー,,,303-054,アルティメット,黒魔導の覇者,303-054バスターブレイダー ばすたーぶれいだー バスターブレイダー a78193831,,0,遊戯王,PSA,0,110000,,https://static.mycalinks.io/app/item/image/YUGI/card/3_3_303/303-054.jpg,,,,,
1271673,600062270,【PSA10】(レリーフ)超魔導剣士－ブラック・パラディン,,,303-051,アルティメット,黒魔導の覇者,303-051ちょうまどうけんしブラックパラディン ちょうまどうけんしぶらっくぱらでぃん 超魔導剣士ブラックパラディン a98502113,,0,遊戯王,PSA,0,220000,,https://static.mycalinks.io/app/item/image/YUGI/card/3_3_303/303-051b.jpg,,,,,
1271763,600061700,【PSA10】(レリーフ)エクスチェンジ,,,DL2-136,アルティメット,DUELIST LEGACY Volume.2,DL2-136エクスチェンジ えくすちぇんじ エクスチェンジ a05556668,,0,遊戯王,PSA,0,81000,,https://static.mycalinks.io/app/item/image/YUGI/card/DL2/DL2_2.jpg,,,,,
1272108,600060315,【PSA10】究極竜騎士,,,GB7-003,ウルトラレア,遊戯王DM7 決闘都市伝説,GB7-003マスターオブドラゴンナイト ますたーおぶどらごんないと 究極竜騎士 a62873545,,0,遊戯王,PSA,0,1020000,,https://static.mycalinks.io/app/item/image/YUGI/card/other/GB7-003.jpg,,,,,
1272125,600060280,【PSA10】(レリーフ)XYZ-ドラゴン・キャノン,,,302-052,アルティメット,ユニオンの降臨,302-052エックスワイゼットドラゴンキャノン えっくすわいぜっとどらごんきゃのん XYZドラゴンキャノン a91998119,,0,遊戯王,PSA,0,84000,,https://static.mycalinks.io/app/item/image/YUGI/card/3_2_302/302-052b.jpg,,,,,
1272129,600060270,【PSA10】(レリーフ)XY-ドラゴン・キャノン,,,302-051,アルティメット,ユニオンの降臨,302-051エックスワイドラゴンキャノン えっくすわいどらごんきゃのん XYドラゴンキャノン a02111707,,0,遊戯王,PSA,0,80000,,https://static.mycalinks.io/app/item/image/YUGI/card/3_2_302/302-051b.jpg,,,,,
1272552,600056270,【PSA10】(レリーフ)溶岩魔神ラヴァ・ゴーレム,,,301-051,アルティメット,新たなる支配者,301-051ようがんまじんラヴァゴーレム ようがんまじんらヴぁごーれむ 溶岩魔神ラヴァゴーレム a00102380,,0,遊戯王,PSA,49800,140000,,https://static.mycalinks.io/app/item/image/YUGI/card/3_1_301/301-051b.jpg,,,,,
1272770,600054280,【PSA10】(レリーフ)暗黒騎士ガイア,,,PH-52,アルティメット,Pharaonic Guardian ? 王家の守護者 ?,PH-52アンコクキシガイア あんこくきしがいあ 暗黒騎士ガイア a06368038,,0,遊戯王,PSA,0,640000,,https://static.mycalinks.io/app/item/image/YUGI/card/2_9_PG/ph-052.jpg,,,,,
1273054,600051270,【PSA10】(レリーフ)ブラック・デーモンズ・ドラゴン,,,MA-52,アルティメット,Mythological Age ? 蘇りし魂 ?,MA-52ブラックデーモンズドラゴン ぶらっくでーもんずどらごん ブラックデーモンズドラゴン -,,0,遊戯王,PSA,0,190000,,https://static.mycalinks.io/app/item/image/YUGI/card/2_8_MA/ma-052.jpg,,,,,
1273276,600049265,【PSA10】(レリーフ)デーモンの召喚,,,SC-51,アルティメット,Struggle of Chaos ? 闇を制する者 ?,SC-51デーモンノショウカン でーもんのしょうかん デーモンの召喚 a70781052,,0,遊戯王,PSA,0,300000,,https://static.mycalinks.io/app/item/image/YUGI/card/2_7_SC/sc-051.jpg,,,,,
1273473,600048185,【PSA10】(レリーフ)ヂェミナイ・エルフ,,,BC-34,アルティメット,Booster Chronicle,BC-34ヂェミナイエルフ ぢぇみないえるふ ヂェミナイエルフ a69140098,,0,遊戯王,PSA,0,200000,,https://static.mycalinks.io/app/item/image/YUGI/card/BC/BC_2.jpg,,,,,
1273566,600047275,【PSA10】(レリーフ)ブラック・マジシャン,,,LN-53,アルティメット,Labyrinth of Nightmare ? 悪夢の迷宮 ?,LN-53ブラックマジシャン ぶらっくまじしゃん ブラックマジシャン a46986414,,0,遊戯王,PSA,138000,770000,,https://static.mycalinks.io/app/item/image/YUGI/card/2_6_LN/ln-053.jpg,,,,,
1274188,600038290,【PSA10】ラーの翼神竜,,,G4-03,シークレット,遊戯王DM4 最強決闘者戦記 城之内デッキ 予約特典,G4-03ラーノヨクシンリュウ らーのよくしんりゅう ラーの翼神竜(limit) -,,0,遊戯王,PSA,0,130000,,https://static.mycalinks.io/app/item/image/YUGI/card/other/G4-03.jpg,,,,,
1274192,600038285,【PSA10】オベリスクの巨神兵,,,G4-02,シークレット,遊戯王DM4 最強決闘者戦記 海馬デッキ 予約特典,G4-02オベリスクノキョシンヘイ おべりすくのきょしんへい オベリスクの巨神兵(limit) -,,0,遊戯王,PSA,0,170000,,https://static.mycalinks.io/app/item/image/YUGI/card/other/G4-02.jpg,,,,,
1274193,600038280,【PSA10】オシリスの天空竜,,,G4-01,シークレット,遊戯王DM4 最強決闘者戦記 遊戯デッキ 予約特典,G4-01オシリスノテンクウリュウ おしりすのてんくうりゅう オシリスの天空竜(limit) -,,0,遊戯王,PSA,0,180000,,https://static.mycalinks.io/app/item/image/YUGI/card/other/G4-01.jpg,,,,,
1274229,600038180,【PSA10】(レリーフ)サウザンド・アイズ・サクリファイス,,,TB-34,アルティメット,Thousand Eyes Bible ? 千眼の魔術書 ?,TB-34サウザンドアイズサクリファイス さうざんどあいずさくりふぁいす サウザンドアイズサクリファイス a63519819,,0,遊戯王,PSA,0,190000,,https://static.mycalinks.io/app/item/image/YUGI/card/2_4_TB/tb-034c.jpg,,,,,
1275434,600027005,【PSA10】青眼の白龍,,,LB-01,ウルトラレア,青眼の白龍伝説 ? LEGEND OF BLUE EYES WHITE DRAGON ?,LB-01ブルーアイズホワイトドラゴン ぶるーあいずほわいとどらごん 青眼の白龍 a89631139,,0,遊戯王,PSA,0,410000,,https://static.mycalinks.io/app/item/image/YUGI/card/LB/LB_56.jpg,,,,,
13639715,600574100,【PSA10】神炎皇ウリア(プリシク/オシリスレッド),,,LPG1-JP056,プリズマティックシークレット,LIMITED PACK GX -オシリスレッド-,LPG1-JP056しんえんおうウリア しんえんおううりあ 神炎皇ウリア a06007213,,0,遊戯王,PSA,0,37000,,https://static.mycalinks.io/app/item/image/YUGI/card/LPG1-JP/LPG1-JP056d.jpg,,,,,
13758388,760155245,【PSA10】永劫の神導龍,,RD/5TH1-JP,RD/5TH1-JP001,オーバーラッシュレア PREMIUM BLACK Ver.,5th ANNIVERSARY PACK,エタニティエーテルドラゴン エタニティエーテルドラゴン えたにてぃえーてるどらごん,,0,RUSH,PSA,0,100000,,https://static.mycalinks.io/app/item/image/RUSH/card/5TH1-JP/5TH1-JP001b.jpg,,,,,
25010149,760147585,【PSA10】ブラック・マジシャン・ガール,,RD/ORP2-JP,ORP2-JP001,オーバーラッシュレア,オーバーラッシュパック2,ブラックマジシャンガール ブラックマジシャンガール ブラックマジシャンガール ぶらっくまじしゃんがーる,,0,RUSH,PSA,0,1020000,,https://static.mycalinks.io/app/item/image/RUSH/card/ORP2-JP/ORP2-JP001.jpg,,,,,
25010150,760104000,【PSA10】青眼の白龍,,RD/ORP1-JP,RD/ORP1-JP001,オーバーラッシュレア,オーバーラッシュパック,ブルーアイズホワイトドラゴン ブルーアイズホワイトドラゴン ぶるーあいずほわいとどらごん,,0,RUSH,PSA,0,360000,,https://static.mycalinks.io/app/item/image/RUSH/card/ORP1-JP/orp1-001.jpg,,,,,
25010151,760161175,【PSA10】カオスソルジャー(オーバーラッシュ),,RD/ORP3-JP,JP001,オーバーラッシュレア,オーバーラッシュパック3,カオスソルジャー カオスソルジャー カオスソルジャー かおすそるじゃー,,0,RUSH,PSA,0,100000,,https://static.mycalinks.io/app/item/image/RUSH/card/ORP3-JP/ORP3-JP001b.jpg,,,,,
16272548,600581365,【PSA10】ガガガマジシャン－ガガガマジック(OFプリシク),,LOCH-JP,JP011,プリズマティックシークレット,LIMIT OVER COLLECTION －THE HEROES－,LOCH-JP011ガガガマジシャン－ガガガマジック がががまじしゃん－がががまじっく ガガガマジシャン－ガガガマジック a12908094,,0,遊戯王,PSA,0,13000,,https://static.mycalinks.io/app/item/image/YUGI/card/LOCH-JP/LOCH-JP011d.jpg,,,,,
16272682,600581265,【PSA10】スターダスト・ドラゴン－ヴィクテム・サンクチュアリ(OFプリシク),,LOCH-JP,JP007,プリズマティックシークレット,LIMIT OVER COLLECTION －THE HEROES－,LOCH-JP007スターダストドラゴン－ヴィクテムサンクチュアリ すたーだすとどらごん－う゛ぃくてむさんくちゅあり スターダスト・ドラゴン－ヴィクテム・サンクチュアリ a76636978,,0,遊戯王,PSA,0,39000,,https://static.mycalinks.io/app/item/image/YUGI/card/LOCH-JP/LOCH-JP007d.jpg,,,,,
16158991,600581165,【PSA10】黒魔導のカーテン(OFプリシク),,LOCH-JP,JP003,プリズマティックシークレット,LIMIT OVER COLLECTION －THE HEROES－,LOCH-JP003クロマドウノカーテン くろまどうのかーてん 黒魔導のカーテン a41350417,,0,遊戯王,PSA,0,190000,,https://static.mycalinks.io/app/item/image/YUGI/card/LOCH-JP/LOCH-JP003d.jpg,,,,,
16272323,600581540,【PSA10】サイバース・コントラクト・ウィッチ(OFプリシク),,LOCH-JP,JP018,プリズマティックシークレット,LIMIT OVER COLLECTION －THE HEROES－,LOCH-JP018サイバースコントラクトウィッチ さいばーすこんとらくとうぃっち サイバース・コントラクト・ウィッチ a37458564,,0,遊戯王,PSA,0,45000,,https://static.mycalinks.io/app/item/image/YUGI/card/LOCH-JP/LOCH-JP018d.jpg,,,,,
16272353,600581515,【PSA10】サイバース・コード・マジシャン(OFプリシク),,LOCH-JP,JP017,プリズマティックシークレット,LIMIT OVER COLLECTION －THE HEROES－,LOCH-JP017サイバースコードマジシャン さいばーすこーどまじしゃん サイバース・コード・マジシャン a00064865,,0,遊戯王,PSA,0,10000,,https://static.mycalinks.io/app/item/image/YUGI/card/LOCH-JP/LOCH-JP017d.jpg,,,,,
16272381,600581490,【PSA10】デコード・トーカー・インテグレーション(OFプリシク),,LOCH-JP,JP016,プリズマティックシークレット,LIMIT OVER COLLECTION －THE HEROES－,LOCH-JP016デコードトーカーインテグレーション でこーどとーかーいんてぐれーしょん デコード・トーカー・インテグレーション a74665150,,0,遊戯王,PSA,0,13000,,https://static.mycalinks.io/app/item/image/YUGI/card/LOCH-JP/LOCH-JP016d.jpg,,,,,
16272412,600581465,【PSA10】星霜の魔術師－アストログラフ・マジシャン(OFプリシク),,LOCH-JP,JP015,プリズマティックシークレット,LIMIT OVER COLLECTION －THE HEROES－,LOCH-JP015セイソウノマジュツシ－アストログラフマジシャン せいそうのまじゅつし－あすとろぐらふまじしゃん 星霜の魔術師－アストログラフ・マジシャン a48171151,,0,遊戯王,PSA,0,10000,,https://static.mycalinks.io/app/item/image/YUGI/card/LOCH-JP/LOCH-JP015d.jpg,,,,,
16272444,600581440,【PSA10】星読みの魔術師－ホロスコープ・マジシャン(OFプリシク),,LOCH-JP,JP014,プリズマティックシークレット,LIMIT OVER COLLECTION －THE HEROES－,LOCH-JP014ホシヨミノマジュツシ－ホロスコープマジシャン ほしよみのまじゅつし－ほろすこーぷまじしゃん 星読みの魔術師－ホロスコープ・マジシャン a01186447,,0,遊戯王,PSA,0,10000,,https://static.mycalinks.io/app/item/image/YUGI/card/LOCH-JP/LOCH-JP014d.jpg,,,,,
16272476,600581415,【PSA10】四天の龍 オッドアイズ・ペンデュラム・ドラゴン(OFプリシク),,LOCH-JP,JP013,プリズマティックシークレット,LIMIT OVER COLLECTION －THE HEROES－,LOCH-JP013シテンノリュウオッドアイズペンデュラムドラゴン してんのりゅうおっどあいずぺんでゅらむどらごん 四天の龍 オッドアイズ・ペンデュラム・ドラゴン a75787708,,0,遊戯王,PSA,0,13000,,https://static.mycalinks.io/app/item/image/YUGI/card/LOCH-JP/LOCH-JP013d.jpg,,,,,
16272511,600581390,【PSA10】ガガガガール－ゼロゼロコール(OFプリシク),,LOCH-JP,JP012,プリズマティックシークレット,LIMIT OVER COLLECTION －THE HEROES－,LOCH-JP012ガガガガール－ゼロゼロコール ががががーる－ぜろぜろこーる ガガガガール－ゼロゼロコール a48393693,,0,遊戯王,PSA,0,76000,,https://static.mycalinks.io/app/item/image/YUGI/card/LOCH-JP/LOCH-JP012d.jpg,,,,,
16272577,600581340,【PSA10】No.39 光の使者 希望皇ホープ(OFプリシク),,LOCH-JP,JP010,プリズマティックシークレット,LIMIT OVER COLLECTION －THE HEROES－,LOCH-JP010ナンバーズ３９ヒカリノシシャキボウオウホープ No.39光の使者希望皇ほーぷ No.39 光の使者 希望皇ホープ a76504386,,0,遊戯王,PSA,0,13000,,https://static.mycalinks.io/app/item/image/YUGI/card/LOCH-JP/LOCH-JP010d.jpg,,,,,
16272611,600581315,【PSA10】シンクロ・エマージェンシー(OFプリシク),,LOCH-JP,JP009,プリズマティックシークレット,LIMIT OVER COLLECTION －THE HEROES－,LOCH-JP009シンクロエマージェンシー しんくろえまーじぇんしー シンクロ・エマージェンシー a49415281,,0,遊戯王,PSA,0,8000,,https://static.mycalinks.io/app/item/image/YUGI/card/LOCH-JP/LOCH-JP009d.jpg,,,,,
16272646,600581290,【PSA10】スタージャンク・シンクロン(OFプリシク),,LOCH-JP,JP008,プリズマティックシークレット,LIMIT OVER COLLECTION －THE HEROES－,LOCH-JP008スタージャンクシンクロン すたーじゃんくしんくろん スタージャンク・シンクロン a13021682,,0,遊戯王,PSA,0,10000,,https://static.mycalinks.io/app/item/image/YUGI/card/LOCH-JP/LOCH-JP008d.jpg,,,,,
16272736,600581240,【PSA10】ハネクリボー・サバティエル LV１０(OFプリシク),,LOCH-JP,JP006,プリズマティックシークレット,LIMIT OVER COLLECTION －THE HEROES－,LOCH-JP006ハネクリボーサバティエルレベル１０ はねくりぼーさばてぃえるれべる１０ ハネクリボー・サバティエル LV１０ a40237839,,0,遊戯王,PSA,0,17000,,https://static.mycalinks.io/app/item/image/YUGI/card/LOCH-JP/LOCH-JP006d.jpg,,,,,
16272766,600581215,【PSA10】F・HERO フレイム・ウィングマン(OFプリシク),,LOCH-JP,JP005,プリズマティックシークレット,LIMIT OVER COLLECTION －THE HEROES－,LOCH-JP005フェイバリットヒーローフレイムウィングマン ふぇいばりっとひーろーふれいむうぃんぐまん F・HERO フレイム・ウィングマン a13243124,,0,遊戯王,PSA,0,16000,,https://static.mycalinks.io/app/item/image/YUGI/card/LOCH-JP/LOCH-JP005d.jpg,,,,,
16272802,600581190,【PSA10】F・HERO シャイニング・フレア・ウィングマン(OFプリシク),,LOCH-JP,JP004,プリズマティックシークレット,LIMIT OVER COLLECTION －THE HEROES－,LOCH-JP004フェイバリットヒーローシャイニングフレアウィングマン ふぇいばりっとひーろーしゃいにんぐふれあうぃんぐまん F・HERO シャイニング・フレア・ウィングマン a87758525,,0,遊戯王,PSA,0,13000,,https://static.mycalinks.io/app/item/image/YUGI/card/LOCH-JP/LOCH-JP004d.jpg,,,,,
16272825,600581140,【PSA10】増殖するクリボー！(OFプリシク),,LOCH-JP,JP002,プリズマティックシークレット,LIMIT OVER COLLECTION －THE HEROES－,LOCH-JP002ゾウショクスルクリボー ぞうしょくするくりぼー 増殖するクリボー！ a14965712,,0,遊戯王,PSA,0,35000,,https://static.mycalinks.io/app/item/image/YUGI/card/LOCH-JP/LOCH-JP002d.jpg,,,,,
17906424,600583305,【PSA10】トリプル・ヴァレル・リボルブ(OFプリシク),,LOCR-JP,JP018,プリズマティックシークレット,LIMIT OVER COLLECTION －THE RIVALS－,LOCR-JP018トリプルヴァレルリボルブ とりぷる?ぁれるりぼるぶ トリプル・ヴァレル・リボルブ a89875646,,0,遊戯王,PSA,0,8000,,https://static.mycalinks.io/app/item/image/YUGI/card/LOCH-JP/LOCR-JP018d.jpg,,,,,
17906429,600583280,【PSA10】ヴァレット・バラージュ(OFプリシク),,LOCR-JP,JP017,プリズマティックシークレット,LIMIT OVER COLLECTION －THE RIVALS－,LOCR-JP017ヴァレットバラージュ ?ぁれっとばらーじゅ ヴァレット・バラージュ a56481938,,0,遊戯王,PSA,0,13000,,https://static.mycalinks.io/app/item/image/YUGI/card/LOCH-JP/LOCR-JP017d.jpg,,,,,
17906434,600583255,【PSA10】ヴァレルロード・L・ドラゴン(OFプリシク),,LOCR-JP,JP016,プリズマティックシークレット,LIMIT OVER COLLECTION －THE RIVALS－,LOCR-JP016ヴァレルロードリベレイタードラゴン ?ぁれるろーどりべれいたーどらごん ヴァレルロード・L・ドラゴン a27096833,,0,遊戯王,PSA,0,22000,,https://static.mycalinks.io/app/item/image/YUGI/card/LOCH-JP/LOCR-JP016d.jpg,,,,,
17906439,600583230,【PSA10】四天の龍 ダーク・リベリオン・エクシーズ・ドラゴン(OFプリシク),,LOCR-JP,JP015,プリズマティックシークレット,LIMIT OVER COLLECTION －THE RIVALS－,LOCR-JP015シテンノリュウダークリベリオンエクシーズドラゴン してんのりゅうだーくりべりおんえくしーずどらごん 四天の龍 ダーク・リベリオン・エクシーズ・ドラゴン a90091224,,0,遊戯王,PSA,0,17000,,https://static.mycalinks.io/app/item/image/YUGI/card/LOCH-JP/LOCR-JP015d.jpg,,,,,
17906444,600583205,【PSA10】四天の龍 クリアウィング・シンクロ・ドラゴン(OFプリシク),,LOCR-JP,JP014,プリズマティックシークレット,LIMIT OVER COLLECTION －THE RIVALS－,LOCR-JP014シテンノリュウクリアウィングシンクロドラゴン してんのりゅうくりあうぃんぐしんくろどらごん 四天の龍 クリアウィング・シンクロ・ドラゴン a54603525,,0,遊戯王,PSA,0,17000,,https://static.mycalinks.io/app/item/image/YUGI/card/LOCH-JP/LOCR-JP014d.jpg,,,,,
17906449,600583180,【PSA10】四天の龍 スターヴ・ヴェノム・フュージョン・ドラゴン(OFプリシク),,LOCR-JP,JP013,プリズマティックシークレット,LIMIT OVER COLLECTION －THE RIVALS－,LOCR-JP013シテンノリュウスターヴヴェノムフュージョンドラゴン してんのりゅうすたー??ぇのむふゅーじょんどらごん 四天の龍 スターヴ・ヴェノム・フュージョン・ドラゴン a27118421,,0,遊戯王,PSA,0,17000,,https://static.mycalinks.io/app/item/image/YUGI/card/LOCH-JP/LOCR-JP013d.jpg,,,,,
17906454,600583155,【PSA10】GDロボ・オービタル ７(OFプリシク),,LOCR-JP,JP012,プリズマティックシークレット,LIMIT OVER COLLECTION －THE RIVALS－,LOCR-JP012ギャラクシーディフェンスロボオービタルセブン ぎゃらくしーでぃふぇんすろぼおーびたるせぶん GDロボ・オービタル ７ a91714772,,0,遊戯王,PSA,0,10000,,https://static.mycalinks.io/app/item/image/YUGI/card/LOCH-JP/LOCR-JP012d.jpg,,,,,
17906459,600583130,【PSA10】銀河眼の輝光子竜(OFプリシク),,LOCR-JP,JP011,プリズマティックシークレット,LIMIT OVER COLLECTION －THE RIVALS－,LOCR-JP011ギャラクシーアイズフォトンチェンジドラゴン ぎゃらくしーあいずふぉとんちぇんじどらごん 銀河眼の輝光子竜 a54725177,,0,遊戯王,PSA,0,26000,,https://static.mycalinks.io/app/item/image/YUGI/card/LOCH-JP/LOCR-JP011d.jpg,,,,,
17906464,600583105,【PSA10】超銀河眼の光子龍－フォトン・ハウリング(OFプリシク),,LOCR-JP,JP010,プリズマティックシークレット,LIMIT OVER COLLECTION －THE RIVALS－,LOCR-JP010ネオギャラクシーアイズフォトンドラゴンフォトンハウリング ねおぎゃらくしーあいずふぉとんどらごんふぉとんはうりんぐ 超銀河眼の光子龍－フォトン・ハウリング a28331069,,0,遊戯王,PSA,0,22000,,https://static.mycalinks.io/app/item/image/YUGI/card/LOCH-JP/LOCR-JP010d.jpg,,,,,
17906469,600583080,【PSA10】レッド・デーモンズ・チェーン(OFプリシク),,LOCR-JP,JP009,プリズマティックシークレット,LIMIT OVER COLLECTION －THE RIVALS－,LOCR-JP009レッドデーモンズチェーン れっどでーもんずちぇーん レッド・デーモンズ・チェーン a92936364,,0,遊戯王,PSA,0,8000,,https://static.mycalinks.io/app/item/image/YUGI/card/LOCH-JP/LOCR-JP009d.jpg,,,,,
17906474,600583055,【PSA10】スカーレッド・ノヴァ・ドラゴン－バーニング・ソウル(OFプリシク),,LOCR-JP,JP008,プリズマティックシークレット,LIMIT OVER COLLECTION －THE RIVALS－,LOCR-JP008スカーレッドノヴァドラゴンバーニングソウル すかーれっどの?ぁどらごんばーにんぐそうる スカーレッド・ノヴァ・ドラゴン－バーニング・ソウル a65541655,,0,遊戯王,PSA,0,45000,,https://static.mycalinks.io/app/item/image/YUGI/card/LOCH-JP/LOCR-JP008d.jpg,,,,,
17906479,600583030,【PSA10】赤き竜 ケッツァーコアトル(OFプリシク),,LOCR-JP,JP007,プリズマティックシークレット,LIMIT OVER COLLECTION －THE RIVALS－,LOCR-JP007アカキリュウケッツァーコアトル あかきりゅうけっつぁーこあとる 赤き竜 ケッツァーコアトル a29053656,,0,遊戯王,PSA,0,17000,,https://static.mycalinks.io/app/item/image/YUGI/card/LOCH-JP/LOCR-JP007d.jpg,,,,,
17906484,600583005,【PSA10】未来融合－フューチャー・フュージョン・ノヴァ(OFプリシク),,LOCR-JP,JP006,プリズマティックシークレット,LIMIT OVER COLLECTION －THE RIVALS－,LOCR-JP006ミライユウゴウフューチャーフュージョンノヴァ みらいゆうごうふゅーちゃーふゅーじょんの?ぁ 未来融合－フューチャー・フュージョン・ノヴァ a92058902,,0,遊戯王,PSA,0,8000,,https://static.mycalinks.io/app/item/image/YUGI/card/LOCH-JP/LOCR-JP006d.jpg,,,,,
17906489,600582980,【PSA10】機光竜－サイバー・ドラゴン(OFプリシク),,LOCR-JP,JP005,プリズマティックシークレット,LIMIT OVER COLLECTION －THE RIVALS－,LOCR-JP005キコウリュウサイバードラゴン きこうりゅうさいばーどらごん 機光竜－サイバー・ドラゴン a66664203,,0,遊戯王,PSA,0,41000,,https://static.mycalinks.io/app/item/image/YUGI/card/LOCH-JP/LOCR-JP005d.jpg,,,,,
17906494,600582955,【PSA10】終撃竜－サイバー・エンド・ドラゴン(OFプリシク),,LOCR-JP,JP004,プリズマティックシークレット,LIMIT OVER COLLECTION －THE RIVALS－,LOCR-JP004シュウゲキリュウサイバーエンドドラゴン しゅうげきりゅうさいばーえんどどらごん 終撃竜－サイバー・エンド・ドラゴン a30275298,,0,遊戯王,PSA,0,22000,,https://static.mycalinks.io/app/item/image/YUGI/card/LOCH-JP/LOCR-JP004d.jpg,,,,,
17906499,600582930,【PSA10】ドラゴン・導きの呼笛(OFプリシク),,LOCR-JP,JP003,プリズマティックシークレット,LIMIT OVER COLLECTION －THE RIVALS－,LOCR-JP003ドラゴンミチビキノヨビブエ どらごんみちびきのよびぶえ ドラゴン・導きの呼笛 a93871599,,0,遊戯王,PSA,0,13000,,https://static.mycalinks.io/app/item/image/YUGI/card/LOCH-JP/LOCR-JP003d.jpg,,,,,
17906504,600582905,【PSA10】蒼の深淵 ディープアイズ・ホワイト・ドラゴン(OFプリシク),,LOCR-JP,JP002,プリズマティックシークレット,LIMIT OVER COLLECTION －THE RIVALS－,LOCR-JP002アオノシンエンディープアイズホワイトドラゴン あおのしんえんでぃーぷあいずほわいとどらごん 蒼の深淵 ディープアイズ・ホワイト・ドラゴン a67886895,,0,遊戯王,PSA,0,42000,,https://static.mycalinks.io/app/item/image/YUGI/card/LOCH-JP/LOCR-JP002d.jpg,,,,,
17906509,600582880,【PSA10】白き幻獣－青眼の白龍(OFプリシク),,LOCR-JP,JP001,プリズマティックシークレット,LIMIT OVER COLLECTION －THE RIVALS－,LOCR-JP001シロキゲンジュウブルーアイズホワイトドラゴン しろきげんじゅうぶるーあいずほわいとどらごん 白き幻獣－青眼の白龍 a30397786,,0,遊戯王,PSA,0,200000,,https://static.mycalinks.io/app/item/image/YUGI/card/LOCH-JP/LOCR-JP001d.jpg,,,,,
13668176,600571870,【PSA10】ブラック・マジシャン・ガール(OK/プリシク),,LPST-JP,JP002,プリズマティックシークレット,LIMITED PACK -STAMP EDITION-,LPST-JP002ブラックマジシャンガール ぶらっくまじしゃんがーる ブラックマジシャンガール a38033121,,0,遊戯王,PSA,0,55000,,https://static.mycalinks.io/app/item/image/YUGI/card/LPST-JP/LPST-JP002c.jpg,,,,,
19187749,600572215,【PSA10】賜炎の咎姫(許さない/プリシク),,LPST-JP,JP025,プリズマティックシークレット,LIMITED PACK -STAMP EDITION-,LPST-JP025シエンノトガヒメ しえんのとがひめ 賜炎の咎姫 a02772337,,0,遊戯王,PSA,0,22000,,https://static.mycalinks.io/app/item/image/YUGI/card/LPST-JP/LPST-JP025c.jpg,,,,,
19187752,600572200,【PSA10】クロシープ(うんうん/プリシク),,LPST-JP,JP024,プリズマティックシークレット,LIMITED PACK -STAMP EDITION-,LPST-JP024クロシープ くろしーぷ クロシープ a50277355,,0,遊戯王,PSA,0,10000,,https://static.mycalinks.io/app/item/image/YUGI/card/LPST-JP/LPST-JP024c.jpg,,,,,
19187755,600572185,【PSA10】I：Pマスカレーナ(おまたせ!プリシク),,LPST-JP,JP023,プリズマティックシークレット,LIMITED PACK -STAMP EDITION-,LPST-JP023アイピーマスカレーナ あいぴーますかれーな IPマスカレーナ a65741786,,0,遊戯王,PSA,0,25000,,https://static.mycalinks.io/app/item/image/YUGI/card/LPST-JP/LPST-JP023c.jpg,,,,,
19187758,600572170,【PSA10】セラの蟲惑魔(えへへ/プリシク),,LPST-JP,JP022,プリズマティックシークレット,LIMITED PACK -STAMP EDITION-,LPST-JP022セラノコワクマ せらのこわくま セラの蟲惑魔 a73639099,,0,遊戯王,PSA,0,25000,,https://static.mycalinks.io/app/item/image/YUGI/card/LPST-JP/LPST-JP022c.jpg,,,,,
19187761,600572155,【PSA10】天霆號アーゼウス(マカセロ!/プリシク),,LPST-JP,JP021,プリズマティックシークレット,LIMITED PACK -STAMP EDITION-,LPST-JP021ネガロギアアーゼウス ねがろぎああーぜうす 天霆號アーゼウス a90448279,,0,遊戯王,PSA,0,10000,,https://static.mycalinks.io/app/item/image/YUGI/card/LPST-JP/LPST-JP021c.jpg,,,,,
19187764,600572140,【PSA10】P.U.N.K.JAMドラゴン・ドライブ(あけましておめでとう!/プリシク),,LPST-JP,JP020,プリズマティックシークレット,LIMITED PACK -STAMP EDITION-,LPST-JP020パンクジャムドラゴンドライブ ぱんくじゃむどらごんどらいぶ PUNKJAMドラゴンドライブ a28403802,,0,遊戯王,PSA,0,10000,,https://static.mycalinks.io/app/item/image/YUGI/card/LPST-JP/LPST-JP020c.jpg,,,,,
19187767,600572125,【PSA10】氷結界の龍 トリシューラ(YES!/プリシク),,LPST-JP,JP019,プリズマティックシークレット,LIMITED PACK -STAMP EDITION-,LPST-JP019ひょうけっかいのりゅうトリシューラ ひょうけっかいのりゅうとりしゅーら 氷結界の龍トリシューラ a52687916,,0,遊戯王,PSA,0,10000,,https://static.mycalinks.io/app/item/image/YUGI/card/LPST-JP/LPST-JP019c.jpg,,,,,
19187770,600572110,【PSA10】白き森のアステーリャ(むぅ/プリシク),,LPST-JP,JP018,プリズマティックシークレット,LIMITED PACK -STAMP EDITION-,LPST-JP018しろきもりのアステーリャ しろきもりのあすてーりゃ 白き森のアステーリャ a25592142,,0,遊戯王,PSA,0,17000,,https://static.mycalinks.io/app/item/image/YUGI/card/LPST-JP/LPST-JP018c.jpg,,,,,
19187773,600572095,【PSA10】白銀の城のラビュリンス(お待ちしております/プリシク),,LPST-JP,JP017,プリズマティックシークレット,LIMITED PACK -STAMP EDITION-,LPST-JP017しろがねのしろのラビュリンス しろがねのしろのらびゅりんす 白銀の城のラビュリンス a02347656,,0,遊戯王,PSA,0,35000,,https://static.mycalinks.io/app/item/image/YUGI/card/LPST-JP/LPST-JP017c.jpg,,,,,
19187776,600572080,【PSA10】鉄獣戦線 キット(ニャるほど!/プリシク),,LPST-JP,JP016,プリズマティックシークレット,LIMITED PACK -STAMP EDITION-,LPST-JP016トライブリゲードキット とらいぶりげーどきっと 鉄獣戦線キット a56196385,,0,遊戯王,PSA,0,17000,,https://static.mycalinks.io/app/item/image/YUGI/card/LPST-JP/LPST-JP016c.jpg,,,,,
19187779,600572065,【PSA10】黄金卿エルドリッチ(おつかれ/プリシク),,LPST-JP,JP015,プリズマティックシークレット,LIMITED PACK -STAMP EDITION-,LPST-JP015オウゴンキョウエルドリッチ おうごんきょうえるどりっち 黄金卿エルドリッチ a95440946,,0,遊戯王,PSA,0,10000,,https://static.mycalinks.io/app/item/image/YUGI/card/LPST-JP/LPST-JP015c.jpg,,,,,
19187782,600572050,【PSA10】朔夜しぐれ(泣ける/プリシク),,LPST-JP,JP014,プリズマティックシークレット,LIMITED PACK -STAMP EDITION-,LPST-JP014サヨシグレ さよしぐれ 朔夜しぐれ a52038441,,0,遊戯王,PSA,0,13000,,https://static.mycalinks.io/app/item/image/YUGI/card/LPST-JP/LPST-JP014c.jpg,,,,,
19187785,600572035,【PSA10】ドラゴンメイド・ラドリー(すみません!/プリシク),,LPST-JP,JP013,プリズマティックシークレット,LIMITED PACK -STAMP EDITION-,LPST-JP013ドラゴンメイドラドリー どらごんめいどらどりー ドラゴンメイドラドリー a13171876,,0,遊戯王,PSA,0,13000,,https://static.mycalinks.io/app/item/image/YUGI/card/LPST-JP/LPST-JP013c.jpg,,,,,
19187788,600572020,【PSA10】原始生命態ニビル(向かってます/プリシク),,LPST-JP,JP012,プリズマティックシークレット,LIMITED PACK -STAMP EDITION-,LPST-JP012ゲンシセイメイタイニビル げんしせいめいたいにびる 原始生命態ニビル a27204311,,0,遊戯王,PSA,0,10000,,https://static.mycalinks.io/app/item/image/YUGI/card/LPST-JP/LPST-JP012c.jpg,,,,,
19187791,600572005,【PSA10】閃刀姫－レイ(真剣です!/プリシク),,LPST-JP,JP011,プリズマティックシークレット,LIMITED PACK -STAMP EDITION-,LPST-JP011せんとうきレイ せんとうきれい 閃刀姫レイ a26077387,,0,遊戯王,PSA,0,22000,,https://static.mycalinks.io/app/item/image/YUGI/card/LPST-JP/LPST-JP011c.jpg,,,,,
19187794,600571990,【PSA10】屋敷わらし(ダメです/プリシク),,LPST-JP,JP010,プリズマティックシークレット,LIMITED PACK -STAMP EDITION-,LPST-JP010ヤシキワラシ やしきわらし 屋敷わらし a73642296,,0,遊戯王,PSA,0,13000,,https://static.mycalinks.io/app/item/image/YUGI/card/LPST-JP/LPST-JP010c.jpg,,,,,
19187797,600571975,【PSA10】灰流うらら(無効です/プリシク),,LPST-JP,JP009,プリズマティックシークレット,LIMITED PACK -STAMP EDITION-,LPST-JP009ハルウララ はるうらら 灰流うらら a14558127,,0,遊戯王,PSA,0,38000,,https://static.mycalinks.io/app/item/image/YUGI/card/LPST-JP/LPST-JP009c.jpg,,,,,
19187800,600571960,【PSA10】魔界発現世行きデスガイド(こちらデス/プリシク),,LPST-JP,JP008,プリズマティックシークレット,LIMITED PACK -STAMP EDITION-,LPST-JP008まかいはつげんせゆきデスガイド まかいはつげんせゆきですがいど 魔界発現世行きデスガイド a10802915,,0,遊戯王,PSA,0,13000,,https://static.mycalinks.io/app/item/image/YUGI/card/LPST-JP/LPST-JP008c.jpg,,,,,
19187803,600571945,【PSA10】増殖するG(キラーン/プリシク),,LPST-JP,JP007,プリズマティックシークレット,LIMITED PACK -STAMP EDITION-,LPST-JP007ぞうしょくするジー ぞうしょくするじー 増殖するG a23434538,,0,遊戯王,PSA,0,22000,,https://static.mycalinks.io/app/item/image/YUGI/card/LPST-JP/LPST-JP007c.jpg,,,,,
19187806,600571930,【PSA10】N・アクア・ドルフィン(オッケー!/プリシク),,LPST-JP,JP006,プリズマティックシークレット,LIMITED PACK -STAMP EDITION-,LPST-JP006ネオスペーシアンアクアドルフィン ねおすぺーしあんあくあどるふぃん Nアクアドルフィン a17955766,,0,遊戯王,PSA,0,10000,,https://static.mycalinks.io/app/item/image/YUGI/card/LPST-JP/LPST-JP006c.jpg,,,,,
19187809,600571915,【PSA10】ワイト(そう思う/プリシク),,LPST-JP,JP005,プリズマティックシークレット,LIMITED PACK -STAMP EDITION-,LPST-JP005ワイト わいと ワイト a32274490,,0,遊戯王,PSA,0,13000,,https://static.mycalinks.io/app/item/image/YUGI/card/LPST-JP/LPST-JP005c.jpg,,,,,
19187812,600571900,【PSA10】真紅眼の黒竜(いくぜ!/プリシク),,LPST-JP,JP004,プリズマティックシークレット,LIMITED PACK -STAMP EDITION-,LPST-JP004レッドアイズブラックドラゴン れっどあいずぶらっくどらごん 真紅眼の黒竜 a74677422,,0,遊戯王,PSA,0,17000,,https://static.mycalinks.io/app/item/image/YUGI/card/LPST-JP/LPST-JP004c.jpg,,,,,
19187815,600571855,【PSA10】ブラック・マジシャン(ドン☆/プリシク),,LPST-JP,JP001,プリズマティックシークレット,LIMITED PACK -STAMP EDITION-,LPST-JP001ブラックマジシャン ぶらっくまじしゃん ブラックマジシャン a46986414,,0,遊戯王,PSA,0,21000,,https://static.mycalinks.io/app/item/image/YUGI/card/LPST-JP/LPST-JP001c.jpg,,,,,
1144764,600567350,【PSA10】閃刀姫＝ゼロ,,DUAD-JP,DUAD-JP049,プリズマティックシークレット,DUELIST ADVANCE,DUAD-JP049セントウキゼロ せんとうきぜろ 閃刀姫ゼロ a76072561,,0,遊戯王,PSA,0,70000,,https://static.mycalinks.io/app/item/image/YUGI/card/DUAD-JP/DUAD-JP049b.jpg,,,,,
1146412,600565195,【PSA10】閃刀姫カガリ(25th/右向),,QCAC-JP,JP059,クォーターセンチュリーシークレット,QUARTER CENTURY ART COLLECTION,QCAC-JP059せんとうきカガリ せんとうきかがり 閃刀姫カガリ a63288573,,0,遊戯王,PSA,0,9000,,https://static.mycalinks.io/app/item/image/YUGI/card/QCAC-JP/QCAC-JP059e.jpg,,,,,
1147872,600563890,【PSA10】閃刀姫－レイ(25th/双剣),,QCAC-JP,QCAC-JP008,クォーターセンチュリーシークレット,QUARTER CENTURY ART COLLECTION,QCAC-JP008せんとうきレイ せんとうきれい 閃刀姫レイ a26077387,,0,遊戯王,PSA,0,18000,,https://static.mycalinks.io/app/item/image/YUGI/card/QCAC-JP/QCAC-JP008e.jpg,,,,,
1229687,600400435,【PSA10】閃刀姫－カイナ,,SAST-JP,JP055,20thシークレット,SAVAGE STRIKE,SAST-JP055せんとうきカイナ せんとうきかいな 閃刀姫カイナ a12421694,,0,遊戯王,PSA,0,40000,,https://static.mycalinks.io/app/item/image/YUGI/card/10_7_SAST-JP/sast-055c.jpg,,,,,
1223179,600436005,【PSA10】超魔導竜騎士－ドラグーン・オブ・レッドアイズ(20th),,LGB1-JP,JP001,20thシークレット,LEGENDARY GOLD BOX,LGB1-JP001ちょうまどうりゅうきしドラグーンオブレッドアイズ ちょうまどうりゅうきしどらぐーんおぶれっどあいず 超魔導竜騎士ドラグーンオブレッドアイズ a37818794,,0,遊戯王,PSA,0,35000,,https://static.mycalinks.io/app/item/image/YUGI/card/LGB1-JP/LGB1-JP001b.jpg,,,,,
1145170,600566845,【PSA10】エフェクトヴェーラー(ウルトラ/YCSJ),,25YC-JP,JP002,ウルトラレア,Yu-Gi-Oh! CHAMPIONSHIP SERIES JAPAN TOKYO 2025,25YC-JP002エフェクトヴェーラー えふぇくとヴぇーらー エフェクトヴェーラー a97268402,,0,遊戯王,PSA,0,270000,,https://static.mycalinks.io/app/item/image/YUGI/card/battle/25YC-JP002.jpg,,,,,
1154391,600558030,【PSA10】結束と絆の超魔導剣士(25th),,SUDA-JP,JP000,クォーターセンチュリーシークレット,SUPREME DARKNESS,SUDA-JP000けっそくときずなのパラディン けっそくときずなのぱらでぃん 結束と絆の超魔導剣士 a99217226,,0,遊戯王,PSA,0,57000,,https://static.mycalinks.io/app/item/image/YUGI/card/SUDA-JP/SUDA-JP000.jpg,,,,,
25170758,,【PSA10】オシリスの天空竜(ステンレス),,,,,,,,0,遊戯王,PSA,0,58000,,https://static.mycalinks.io/pos/store/32/item/img/dbd6nqof4ugcade8bb8-965e-4fa9-ab0c-30a790e0a149.webp,,,,,
25170759,,【PSA10】オベリスクの巨神兵(ステンレス),,,,,,,,0,遊戯王,PSA,0,40000,,https://static.mycalinks.io/pos/store/32/item/img/8qvsdnbromgce2958b2-02cf-4ba5-9615-d8249aea3502.webp,,,,,
25170760,,【PSA10】ラーの翼神竜(ステンレス),,,,,,,,0,遊戯王,PSA,0,40000,,https://static.mycalinks.io/pos/store/32/item/img/kpnfah5akr343a5ace-a942-4154-9ef0-dedc3e87f871.webp,,,,,
1219687,600452297,【PSA10】青眼の亜白龍(シークレット/Discord公式サーバー登録キャンペーン),,SBPR-JP,JP003,シークレット SPECIAL BLUE Ver.,Discord 公式サーバー登録キャンペーン,SBPR-JP003ブルーアイズオルタナティブホワイトドラゴン ぶるーあいずおるたなてぃぶほわいとどらごん 青眼の亜白龍 a38517737,,0,遊戯王,PSA,0,170000,,https://static.mycalinks.io/app/item/image/YUGI/card/present/SBPR-JP003.jpg,,,,,
1166098,600546055,【PSA10】青眼の白龍(25th/サイドプライド),,QCCP-JP,QCCP-JP001,クォーターセンチュリーシークレット,QUARTER CENTURY CHRONICLE side:PRIDE,QCCP-JP001ブルーアイズホワイトドラゴン ぶるーあいずほわいとどらごん 青眼の白龍 a89631139,,0,遊戯王,PSA,0,44000,,https://static.mycalinks.io/app/item/image/YUGI/card/QCCP-JP/QCCP-JP001d.jpg,,,,,
1172796,600538005,【PSA10】青眼の白龍,,,TD02-JP001,TOKYO DOME GREEN Ver.,決闘者伝説 QUARTER CENTURY 2月4日来場者プレゼント,TD02-JP001ブルーアイズホワイトドラゴン ぶるーあいずほわいとどらごん 青眼の白龍 a89631139,,0,遊戯王,PSA,0,100000,,https://static.mycalinks.io/app/item/image/YUGI/card/event/dome02.jpg,,,,,
1275797,600019036,【PSA10】藍眼白龍,,,,ウルトラレア,Vジャンプ 2000年1月号誌面プレゼント,青眼の白龍ブルーアイズホワイトドラゴン 青眼の白龍ぶるーあいずほわいとどらごん 藍眼白龍 a89631139,,0,遊戯王,PSA,0,6170000,,https://static.mycalinks.io/app/item/image/YUGI/card/present/aiganhaku.jpg,,,,,
1273777,600045276,【PSA10】Blue eyes・White・Dragon,,present,,ウルトラレア,週刊少年ジャンプ 2001年27号紙面プレゼント,青眼ノ白龍ブルーアイズホワイトドラゴン 青眼の白龍ぶるーあいずほわいとどらごん BlueeyesWhiteDragon a89631139,,0,遊戯王,PSA,0,6170000,,https://static.mycalinks.io/app/item/image/YUGI/card/present/blueeyesen01.jpg,,,,,
1277195,600002030,【PSA10】青眼の白龍(初期),,,,ウルトラレア,STARTER BOX,ブルーアイズホワイトドラゴン ぶるーあいずほわいとどらごん 青眼の白龍 a89631139,,0,遊戯王,PSA,0,2370000,,https://static.mycalinks.io/app/item/image/YUGI/card/STB1/g9000330m.jpg,,,,,
1276860,600008025,【PSA10】真紅眼の黒竜(初期),,,,ウルトラレア,Vol.3,レッドアイズブラックドラゴン れっどあいずぶらっくどらごん 真紅眼の黒竜 a74677422,,0,遊戯王,PSA,0,1560000,,https://static.mycalinks.io/app/item/image/YUGI/card/Vol3/103-006.jpg,,,,,
1277391,600000001,【PSA10】ブラック・マジシャン(初期),,,,ウルトラレア,Vol.1,ブラックマジシャン ぶらっくまじしゃん ブラックマジシャン a46986414,,0,遊戯王,PSA,0,590000,,https://static.mycalinks.io/app/item/image/YUGI/card/Vol1/101-002.jpg,,,,,
