ラウンジ商品名,型番,ラウンジ価格,ページ,レアリティ判定,正規化名,ベース名,型番候補,ラウンジraw
藍眼白龍,,6500000,1,,藍眼白龍,藍眼白龍,,"藍眼白龍 型番: - レアリティ/種別: - / PSA10 買取価格: ¥6,500,000"
Blue eyes White Dragon,,6500000,1,,BLUEEYESWHITEDRAGON,BLUEEYESWHITEDRAGON,,"Blue eyes White Dragon 型番: - レアリティ/種別: - / PSA10 買取価格: ¥6,500,000"
ホーリーナイトドラゴン(初期),,3200000,1,,ホリナイトドラゴン初期,ホリナイトドラゴン,,"ホーリーナイトドラゴン(初期) 型番: - レアリティ/種別: - / PSA10 買取価格: ¥3,200,000"
究極完全態グレートモス(初期シークレット),,2700000,1,SE,究極完全態グレトモス初期シクレット,究極完全態グレトモス,,"究極完全態グレートモス(初期シークレット) 型番: - レアリティ/種別: - / PSA10 買取価格: ¥2,700,000"
青眼の白龍(初期),,2500000,1,,青眼の白龍初期,青眼の白龍,,"青眼の白龍(初期) 型番: - レアリティ/種別: - / PSA10 買取価格: ¥2,500,000"
真紅眼の黒竜(初期),,1650000,1,,真紅眼の黒竜初期,真紅眼の黒竜,,"真紅眼の黒竜(初期) 型番: - レアリティ/種別: - / PSA10 買取価格: ¥1,650,000"
青眼の亜白龍(シークレット/Discord公式サーバー登録キャンペーン),JP003,184000,1,SE,青眼の亜白龍シクレットDISCORD公式サバ登録キャンペン,青眼の亜白龍,JP003,"青眼の亜白龍(シークレット/Discord公式サーバー登録キャンペーン) 型番: JP003 レアリティ/種別: - / PSA10 買取価格: ¥184,000"
青眼の白龍(25th/サイドプライド),JP001,90000,1,QCSE,青眼の白龍25THサイドプライド,青眼の白龍,JP001,"青眼の白龍(25th/サイドプライド) 型番: JP001 レアリティ/種別: - / PSA10 買取価格: ¥90,000"
青眼の白龍(レリーフ/QCCP),QCCP-JP001,46900,1,RELIEF,青眼の白龍レリフQCCP,青眼の白龍,QCCP-JP001,"青眼の白龍(レリーフ/QCCP) 型番: QCCP-JP001 レアリティ/種別: - / PSA10 買取価格: ¥46,900"
青眼の白龍,TD02-JP001,113000,1,,青眼の白龍,青眼の白龍,TD02-JP001,"青眼の白龍 型番: TD02-JP001 レアリティ/種別: - / PSA10 買取価格: ¥113,000"
ブラックマジシャン(初期),,630000,1,,ブラックマジシャン初期,ブラックマジシャン,,"ブラックマジシャン(初期) 型番: - レアリティ/種別: - / PSA10 買取価格: ¥630,000"
ブラックマジシャン(ウルトラ/直立腕前),JP001,96500,1,UR,ブラックマジシャンウルトラ直立腕前,ブラックマジシャン,JP001,"ブラックマジシャン(ウルトラ/直立腕前) 型番: JP001 レアリティ/種別: - / PSA10 買取価格: ¥96,500"
ブラックマジシャンガール(ウルトラ/杖担ぎ),JP003,26300,1,UR,ブラックマジシャンガルウルトラ杖担ぎ,ブラックマジシャンガル,JP003,"ブラックマジシャンガール(ウルトラ/杖担ぎ) 型番: JP003 レアリティ/種別: - / PSA10 買取価格: ¥26,300"
ブラックマジシャンガール,DMMD-JP001,221000,1,,ブラックマジシャンガル,ブラックマジシャンガル,DMMD-JP001,"ブラックマジシャンガール 型番: DMMD-JP001 レアリティ/種別: - / PSA10 買取価格: ¥221,000"
ブラックマジシャンガール,WPP4-JP066,71500,1,,ブラックマジシャンガル,ブラックマジシャンガル,WPP4-JP066,"ブラックマジシャンガール 型番: WPP4-JP066 レアリティ/種別: - / PSA10 買取価格: ¥71,500"
EHEROフレイムウィングマン(旧アジア版/英語表記),TLM-AE035,782000,1,,EHEROフレイムウィングマン旧アジア版英語表記,EHEROフレイムウィングマン,TLM-AE035,"EHEROフレイムウィングマン(旧アジア版/英語表記) 型番: TLM-AE035 レアリティ/種別: - / PSA10 買取価格: ¥782,000"
サイバードラゴン(旧アジア版/英語表記),CRV-AE015,671600,1,,サイバドラゴン旧アジア版英語表記,サイバドラゴン,CRV-AE015,"サイバードラゴン(旧アジア版/英語表記) 型番: CRV-AE015 レアリティ/種別: - / PSA10 買取価格: ¥671,600"
古代の機械巨人 (旧アジア版/英語表記),TLM-AE006,625600,1,,古代の機械巨人旧アジア版英語表記,古代の機械巨人,TLM-AE006,"古代の機械巨人 (旧アジア版/英語表記) 型番: TLM-AE006 レアリティ/種別: - / PSA10 買取価格: ¥625,600"
E・HEROシャイニングフェニックスガイ (旧アジア版/英語表記),EOJ-AE033,625600,1,,EHEROシャイニングフェニックスガイ旧アジア版英語表記,EHEROシャイニングフェニックスガイ,EOJ-AE033,"E・HEROシャイニングフェニックスガイ (旧アジア版/英語表記) 型番: EOJ-AE033 レアリティ/種別: - / PSA10 買取価格: ¥625,600"
ネフティスの鳳凰神 (旧アジア版/英語表記),FET-AE005,598000,1,,ネフティスの鳳凰神旧アジア版英語表記,ネフティスの鳳凰神,FET-AE005,"ネフティスの鳳凰神 (旧アジア版/英語表記) 型番: FET-AE005 レアリティ/種別: - / PSA10 買取価格: ¥598,000"
サイバーエンドドラゴン(旧アジア版/英語表記),CRV-AE036,570400,1,,サイバエンドドラゴン旧アジア版英語表記,サイバエンドドラゴン,CRV-AE036,"サイバーエンドドラゴン(旧アジア版/英語表記) 型番: CRV-AE036 レアリティ/種別: - / PSA10 買取価格: ¥570,400"
魔法の国の王女クラン (旧アジア版/英語表記),SOI-AE028,395600,1,,魔法の国の王女クラン旧アジア版英語表記,魔法の国の王女クラン,SOI-AE028,"魔法の国の王女クラン (旧アジア版/英語表記) 型番: SOI-AE028 レアリティ/種別: - / PSA10 買取価格: ¥395,600"
EHEROバブルマン(旧アジア版/英語表記),CRV-AE014,368000,1,,EHEROバブルマン旧アジア版英語表記,EHEROバブルマン,CRV-AE014,"EHEROバブルマン(旧アジア版/英語表記) 型番: CRV-AE014 レアリティ/種別: - / PSA10 買取価格: ¥368,000"
DHEROダイヤモンドガイ(旧アジア版/英語表記),EOJ-AE003,368000,1,,DHEROダイヤモンドガイ旧アジア版英語表記,DHEROダイヤモンドガイ,EOJ-AE003,"DHEROダイヤモンドガイ(旧アジア版/英語表記) 型番: EOJ-AE003 レアリティ/種別: - / PSA10 買取価格: ¥368,000"
アームドドラゴンLV7(旧アジア版/英語表記),SOD-AE015,358800,1,,アムドドラゴンLV7旧アジア版英語表記,アムドドラゴンLV7,SOD-AE015,"アームドドラゴンLV7(旧アジア版/英語表記) 型番: SOD-AE015 レアリティ/種別: - / PSA10 買取価格: ¥358,800"
EHEROテンペスター(旧アジア版/英語表記),EEN-AE034,349600,1,,EHEROテンペスタ旧アジア版英語表記,EHEROテンペスタ,EEN-AE034,"EHEROテンペスター(旧アジア版/英語表記) 型番: EEN-AE034 レアリティ/種別: - / PSA10 買取価格: ¥349,600"
クィーンズナイト(旧アジア版/英語表記),EEN-AE004,349600,1,,クィンズナイト旧アジア版英語表記,クィンズナイト,EEN-AE004,"クィーンズナイト(旧アジア版/英語表記) 型番: EEN-AE004 レアリティ/種別: - / PSA10 買取価格: ¥349,600"
E・HEROフェニックスガイ (旧アジア版/英語表記),EOJ-AE032,322000,1,,EHEROフェニックスガイ旧アジア版英語表記,EHEROフェニックスガイ,EOJ-AE032,"E・HEROフェニックスガイ (旧アジア版/英語表記) 型番: EOJ-AE032 レアリティ/種別: - / PSA10 買取価格: ¥322,000"
ミラクルフュージョン(旧アジア版/英語表記),CRV-AE039,322000,1,,ミラクルフュジョン旧アジア版英語表記,ミラクルフュジョン,CRV-AE039,"ミラクルフュージョン(旧アジア版/英語表記) 型番: CRV-AE039 レアリティ/種別: - / PSA10 買取価格: ¥322,000"
サイバーツインドラゴン(旧アジア版/英語表記),CRV-AE035,303600,1,,サイバツインドラゴン旧アジア版英語表記,サイバツインドラゴン,CRV-AE035,"サイバーツインドラゴン(旧アジア版/英語表記) 型番: CRV-AE035 レアリティ/種別: - / PSA10 買取価格: ¥303,600"
ジャックスナイト(旧アジア版/英語表記),EEN-AE005,276000,1,,ジャックスナイト旧アジア版英語表記,ジャックスナイト,EEN-AE005,"ジャックスナイト(旧アジア版/英語表記) 型番: EEN-AE005 レアリティ/種別: - / PSA10 買取価格: ¥276,000"
破滅の女神ルイン(旧アジア版/英語表記),SOI-AE034,276000,1,,破滅の女神ルイン旧アジア版英語表記,破滅の女神ルイン,SOI-AE034,"破滅の女神ルイン(旧アジア版/英語表記) 型番: SOI-AE034 レアリティ/種別: - / PSA10 買取価格: ¥276,000"
キングス・ナイト(旧アジア版/英語表記),EEN-AE006,257600,1,,キングスナイト旧アジア版英語表記,キングスナイト,EEN-AE006,"キングス・ナイト(旧アジア版/英語表記) 型番: EEN-AE006 レアリティ/種別: - / PSA10 買取価格: ¥257,600"
黒炎弾(旧アジア版/英語表記),SOD-AE042,230000,1,,黒炎弾旧アジア版英語表記,黒炎弾,SOD-AE042,"黒炎弾(旧アジア版/英語表記) 型番: SOD-AE042 レアリティ/種別: - / PSA10 買取価格: ¥230,000"
ウォータードラゴン(旧アジア版/英語表記),EEN-AE015,211600,1,,ウォタドラゴン旧アジア版英語表記,ウォタドラゴン,EEN-AE015,"ウォータードラゴン(旧アジア版/英語表記) 型番: EEN-AE015 レアリティ/種別: - / PSA10 買取価格: ¥211,600"
アームドドラゴンLV5(旧アジア版/英語表記),SOD-AE014,184000,1,,アムドドラゴンLV5旧アジア版英語表記,アムドドラゴンLV5,SOD-AE014,"アームドドラゴンLV5(旧アジア版/英語表記) 型番: SOD-AE014 レアリティ/種別: - / PSA10 買取価格: ¥184,000"
パワーボンド(旧アジア版/英語表記),CRV-AE037,174800,1,,パワボンド旧アジア版英語表記,パワボンド,CRV-AE037,"パワーボンド(旧アジア版/英語表記) 型番: CRV-AE037 レアリティ/種別: - / PSA10 買取価格: ¥174,800"
暗黒界の軍神シルバ(旧アジア版/英語表記),EEN-AE023,138000,1,,暗黒界の軍神シルバ旧アジア版英語表記,暗黒界の軍神シルバ,EEN-AE023,"暗黒界の軍神シルバ(旧アジア版/英語表記) 型番: EEN-AE023 レアリティ/種別: - / PSA10 買取価格: ¥138,000"
終焉の王デミス/DEMISE KING OF ARMAGEDDON(旧アジア版),SOI-AE035,138000,1,,終焉の王デミスDEMISEKINGOFARMAGEDDON旧アジア版,終焉の王デミスDEMISEKINGOFARMAGEDDON,SOI-AE035,"終焉の王デミス/DEMISE KING OF ARMAGEDDON(旧アジア版) 型番: SOI-AE035 レアリティ/種別: - / PSA10 買取価格: ¥138,000"
暗黒界の武神ゴルド(旧アジア版/英語表記),EEN-AE024,138000,1,,暗黒界の武神ゴルド旧アジア版英語表記,暗黒界の武神ゴルド,EEN-AE024,"暗黒界の武神ゴルド(旧アジア版/英語表記) 型番: EEN-AE024 レアリティ/種別: - / PSA10 買取価格: ¥138,000"
E・HEROエッジマン(旧アジア版/英語表記),EEN-AE007,138000,1,,EHEROエッジマン旧アジア版英語表記,EHEROエッジマン,EEN-AE007,"E・HEROエッジマン(旧アジア版/英語表記) 型番: EEN-AE007 レアリティ/種別: - / PSA10 買取価格: ¥138,000"
鳳凰神の羽根(旧アジア版/英語表記),FET-AE037,101200,1,,鳳凰神の羽根旧アジア版英語表記,鳳凰神の羽根,FET-AE037,"鳳凰神の羽根(旧アジア版/英語表記) 型番: FET-AE037 レアリティ/種別: - / PSA10 買取価格: ¥101,200"
(レリーフ) 仮面魔獣マスクドヘルレイザー,SM-00,386000,1,RELIEF,レリフ仮面魔獣マスクドヘルレイザ,仮面魔獣マスクドヘルレイザ,SM-00,"(レリーフ) 仮面魔獣マスクドヘルレイザー 型番: SM-00 レアリティ/種別: - / PSA10 買取価格: ¥386,000"
(レリーフ) ダークネクロフィア,LN-54,436000,1,RELIEF,レリフダクネクロフィア,ダクネクロフィア,LN-54,"(レリーフ) ダークネクロフィア 型番: LN-54 レアリティ/種別: - / PSA10 買取価格: ¥436,000"
(レリーフ) 不死王リッチー,PH-00,262000,1,RELIEF,レリフ不死王リッチ,不死王リッチ,PH-00,"(レリーフ) 不死王リッチー 型番: PH-00 レアリティ/種別: - / PSA10 買取価格: ¥262,000"
(レリーフ) レッドデーモンズドラゴン,TDGS-JP041,136000,1,RELIEF,レリフレッドデモンズドラゴン,レッドデモンズドラゴン,TDGS-JP041,"(レリーフ) レッドデーモンズドラゴン 型番: TDGS-JP041 レアリティ/種別: - / PSA10 買取価格: ¥136,000"
(レリーフ) 幻魔王ラビエル,SOI-JP003,271000,1,RELIEF,レリフ幻魔王ラビエル,幻魔王ラビエル,SOI-JP003,"(レリーフ) 幻魔王ラビエル 型番: SOI-JP003 レアリティ/種別: - / PSA10 買取価格: ¥271,000"
(レリーフ) 破滅の女神ルイン,SOI-JP034,80500,1,RELIEF,レリフ破滅の女神ルイン,破滅の女神ルイン,SOI-JP034,"(レリーフ) 破滅の女神ルイン 型番: SOI-JP034 レアリティ/種別: - / PSA10 買取価格: ¥80,500"
魅惑の女王LV7(レリーフ),JP008,66500,2,RELIEF,魅惑の女王LV7レリフ,魅惑の女王LV7,JP008,"魅惑の女王LV7(レリーフ) 型番: JP008 レアリティ/種別: - / PSA10 買取価格: ¥66,500"
究極宝玉神レインボーダークドラゴン(レリーフ),JP003,46600,2,RELIEF,究極宝玉神レインボダクドラゴンレリフ,究極宝玉神レインボダクドラゴン,JP003,"究極宝玉神レインボーダークドラゴン(レリーフ) 型番: JP003 レアリティ/種別: - / PSA10 買取価格: ¥46,600"
【PSA10】遊戯王旧レリ最低保証(五期まで),,9200,2,,遊戯王旧レリ最低保証五期まで,遊戯王旧レリ最低保証,,"【PSA10】遊戯王旧レリ最低保証(五期まで) 型番: - レアリティ/種別: - / PSA10 買取価格: ¥9,200"
閃刀姫ゼロ(レリーフ),DUAD-JP049(レリ-フ),8500,2,RELIEF,閃刀姫ゼロレリフ,閃刀姫ゼロ,DUAD-JP049(レリ-フ)/DUAD-JP049,"閃刀姫ゼロ(レリーフ) 型番: DUAD-JP049(レリーフ) レアリティ/種別: - / PSA10 買取価格: ¥8,500"
カオスソルジャー(通常),,919000,2,,カオスソルジャ通常,カオスソルジャ,,"カオスソルジャー(通常) 型番: - レアリティ/種別: - / PSA10 買取価格: ¥919,000"
レッドアイズブラックメタルドラゴン(初期),,659000,2,,レッドアイズブラックメタルドラゴン初期,レッドアイズブラックメタルドラゴン,,"レッドアイズブラックメタルドラゴン(初期) 型番: - レアリティ/種別: - / PSA10 買取価格: ¥659,000"
(復刻版)女剣士カナン,,240000,2,,復刻版女剣士カナン,女剣士カナン,,"(復刻版)女剣士カナン 型番: - レアリティ/種別: - / PSA10 買取価格: ¥240,000"
暗黒騎士ガイア(クォーターセンチュリーシークレット/YACS2023),JP001,213000,2,QCSE,暗黒騎士ガイアクォタセンチュリシクレットYACS2023,暗黒騎士ガイア,JP001,"暗黒騎士ガイア(クォーターセンチュリーシークレット/YACS2023) 型番: JP001 レアリティ/種別: - / PSA10 買取価格: ¥213,000"
神炎皇ウリア(アニメイラスト/スペシャルカード),,180000,2,,神炎皇ウリアアニメイラストスペシャルカド,神炎皇ウリア,,"神炎皇ウリア(アニメイラスト/スペシャルカード) 型番: -/- レアリティ/種別: - / PSA10 買取価格: ¥180,000"
ブラックデーモンズドラゴン(ウルトラ),,106000,2,UR,ブラックデモンズドラゴンウルトラ,ブラックデモンズドラゴン,,"ブラックデーモンズドラゴン(ウルトラ) 型番: - レアリティ/種別: - / PSA10 買取価格: ¥106,000"
封印されしエクゾディア(シークレット/大会ロゴ入り),JP000,95500,2,SE,封印されしエクゾディアシクレット大会ロゴ入り,封印されしエクゾディア,JP000,"封印されしエクゾディア(シークレット/大会ロゴ入り) 型番: JP000 レアリティ/種別: - / PSA10 買取価格: ¥95,500"
オシリスの天空竜(ステンレス),,62000,2,,オシリスの天空竜ステンレス,オシリスの天空竜,,"オシリスの天空竜(ステンレス) 型番: - レアリティ/種別: - / PSA10 買取価格: ¥62,000"
ラーの翼神竜(ステンレス),,42200,2,,ラの翼神竜ステンレス,ラの翼神竜,,"ラーの翼神竜(ステンレス) 型番: - レアリティ/種別: - / PSA10 買取価格: ¥42,200"
オベリスクの巨神兵(ステンレス),,42200,2,,オベリスクの巨神兵ステンレス,オベリスクの巨神兵,,"オベリスクの巨神兵(ステンレス) 型番: - レアリティ/種別: - / PSA10 買取価格: ¥42,200"
閃刀姫＝ゼロ,DUAD-JP049,69000,2,,閃刀姫=ゼロ,閃刀姫=ゼロ,DUAD-JP049,"閃刀姫＝ゼロ 型番: DUAD-JP049 レアリティ/種別: - / PSA10 買取価格: ¥69,000"
誇りと魂の究極竜,ROTA-JP-000,62000,2,,誇りと魂の究極竜,誇りと魂の究極竜,ROTA-JP-000,"誇りと魂の究極竜 型番: ROTA-JP-000 レアリティ/種別: - / PSA10 買取価格: ¥62,000"
閃刀姫カイナ,JP055,42200,2,,閃刀姫カイナ,閃刀姫カイナ,JP055,"閃刀姫カイナ 型番: JP055 レアリティ/種別: - / PSA10 買取価格: ¥42,200"
(新)EvilTwinリィラ(プリシク),JP080,41900,2,PSE,新EVILTWINリィラプリシク,EVILTWINリィラ,JP080,"(新)EvilTwinリィラ(プリシク) 型番: JP080 レアリティ/種別: - / PSA10 買取価格: ¥41,900"
迷宮城の白銀姫(プリシク),JP030,40400,2,PSE,迷宮城の白銀姫プリシク,迷宮城の白銀姫,JP030,"迷宮城の白銀姫(プリシク) 型番: JP030 レアリティ/種別: - / PSA10 買取価格: ¥40,400"
魔界初現世行きデスガイド(こちらデス/プリシク),JP008,14100,3,PSE,魔界初現世行きデスガイドこちらデスプリシク,魔界初現世行きデスガイド,JP008,"魔界初現世行きデスガイド(こちらデス/プリシク) 型番: JP008 レアリティ/種別: - / PSA10 買取価格: ¥14,100"
スカーレットノヴァドラゴンーバーニングソウル(OFプリシク),JP008,47900,3,PSE,スカレットノヴァドラゴンバニングソウルOFプリシク,スカレットノヴァドラゴンバニングソウル,JP008,"スカーレットノヴァドラゴンーバーニングソウル(OFプリシク) 型番: JP008 レアリティ/種別: - / PSA10 買取価格: ¥47,900"
銀河眼の輝光子龍(OFプリシク),JP011,28200,3,PSE,銀河眼の輝光子龍OFプリシク,銀河眼の輝光子龍,JP011,"銀河眼の輝光子龍(OFプリシク) 型番: JP011 レアリティ/種別: - / PSA10 買取価格: ¥28,200"
結束と絆の超魔導剣士(25th),JP000,60000,3,QCSE,結束と絆の超魔導剣士25TH,結束と絆の超魔導剣士,JP000,"結束と絆の超魔導剣士(25th) 型番: JP000 レアリティ/種別: - / PSA10 買取価格: ¥60,000"
超魔導竜騎士ドラグーンオブレッドアイズ(20th),JP001,33800,3,20TH,超魔導竜騎士ドラグンオブレッドアイズ20TH,超魔導竜騎士ドラグンオブレッドアイズ,JP001,"超魔導竜騎士ドラグーンオブレッドアイズ(20th) 型番: JP001 レアリティ/種別: - / PSA10 買取価格: ¥33,800"
照耀の光霊使いライナ(25th),QCC-JP191,18800,3,QCSE,照耀の光霊使いライナ25TH,照耀の光霊使いライナ,QCC-JP191,"照耀の光霊使いライナ(25th) 型番: QCC-JP191 レアリティ/種別: - / PSA10 買取価格: ¥18,800"
閃刀姫カガリ(25th/右向),JP059,10300,3,QCSE,閃刀姫カガリ25TH右向,閃刀姫カガリ,JP059,"閃刀姫カガリ(25th/右向) 型番: JP059 レアリティ/種別: - / PSA10 買取価格: ¥10,300"
エフェクトヴェーラー(ウルトラ/YCSJ),JP002,291000,4,UR,エフェクトヴェラウルトラYCSJ,エフェクトヴェラ,JP002,"エフェクトヴェーラー(ウルトラ/YCSJ) 型番: JP002 レアリティ/種別: - / PSA10 買取価格: ¥291,000"
